,tranco_rank,website,violations
83,2154801.0,arielgordonjewelry.com,3
177,1794929.0,breachalarm.com,1
503,116.0,gravatar.com,2
589,1100739.0,inchbug.com,3
695,918250.0,leletny.com,3
953,259718.0,princeclassified.com,2
1815,912636.0,aleph.land,5
1816,109938.0,alessi.com,7
2123,276226.0,apolearn.com,5
2175,743892.0,aquasd.com,7
2696,646674.0,beautifulhalo.com,1
2723,2067553.0,beebuilt.com,5
3573,555234.0,casparionline.com,5
3818,840738.0,chucklevins.com,6
3891,2037135.0,clippingimages.com,4
4633,340899.0,depau.es,5
4896,84341.0,doorkeeper.jp,9
5260,2093178.0,ekolektif.org,5
5514,180935.0,eular.org,8
5795,697586.0,fiamma.it,5
6065,1528499.0,fourlane.com,3
6096,2000574.0,fredleighton.com,9
6686,1497454.0,granlibakken.com,10
6943,1481297.0,headblade.com,6
7194,267784.0,horizonbank.com,4
7245,306580.0,hrdlog.net,8
7479,288722.0,improvephotography.com,3
7521,310322.0,infocons.ro,5
7957,1441383.0,jplremix.com,7
8193,1715107.0,kingsgrovesports.com.au,10
8640,68401.0,lidl-kochen.de,6
8697,261448.0,line-of-action.com,3
8806,629178.0,lokai.com,7
8986,1723533.0,madeblanks.com,5
9230,132058.0,mastodon.nl,5
9415,1556139.0,mermadehair.com,2
9514,1850890.0,mimugloves.com,10
9636,603797.0,modernperformance.com,11
10692,1848019.0,ourbaby.com.hk,3
10901,279330.0,pay.jp,7
11085,3288010.0,pianoteeth.com,5
11389,1909206.0,pretapousser.fr,6
11475,716166.0,prominent.nu,4
11839,129380.0,regiondo.de,4
13224,931899.0,sprottmoney.com,17
13473,331499.0,stuttgart-airport.com,5
13546,330984.0,supersales.nl,9
13571,1075877.0,surfstationstore.com,8
13614,1124108.0,swimzip.com,3
13730,165553.0,taylorstitch.com,6
13833,1855091.0,thahab.com,5
14089,262820.0,theplan.it,1
14631,910716.0,ufcw.ca,7
14785,157905.0,usagundamstore.com,8
15012,2353906.0,vintagevixen.com,9
16387,431584.0,habitissimo.com.mx,3
17005,2562730.0,rosedress.com,3
17171,368793.0,stringjoy.com,3
17184,2399991.0,surfingwalkoffame.com,1
17195,3628203.0,talescreator.com,4
