http://cuevana3.io,No data
http://mimi.phl.univie.ac.at/accounts/signup/,INVALID
https://tokyowheel.com/signup,No data
https://shopme.am/register,No data
http://www.freshbooks.com,No data
https://www.berlin.de/presse/pressemitteilungen/user/signup,No data
https://studio.code.org/users/sign_up,No data
https://www.raymondb3.sg-host.com/twiducate/signup.php,No data
https://developer.napster.com/signup,No data
https://community.donorbox.org/signup,No data
https://www.fark.com/signup,No data
http://aiaa.wpi.edu/wiki/_accounts/sign-up/,No data
https://www.authy.com/signup,No data
https://www.freedownloadmanager.org/register.html,No data
http://1c-bitrix.ru,No data
http://youneedabudget.com,No data
https://secure.postimees.ee/login/register?return_to=https%3A%2F%2Fwww.postimees.ee%2F,No data
http://www.getdrip.com,No data
https://www.nuget.org/users/account/SignUp,No data
http://mastodon.social,No data
https://www.commonwealthfund.org/user/register,No data
https://epaper.uasc.ugm.ac.id/users/signup,No data
https://fancy.com/account/register,No data
https://sandbox-vendors.paddle.com/signup,No data
https://trc.taboola.com/tegna-wthr/log/3/click?pi=%2F&ri=204b895551d88096f3f54793a3d9c8cf&sd=v2_a95c910fdfb1aba30c22734052a83133_482f78f6-3eed-4ce6-9bd2-2402e15f2d69-tuct8c8a010_1640962704_1640962704_CIi3jgYQyopNGJCG_4fhLyABKAEw4QE4kaQOQLDlD0iky9kDUP8DWABgAGi2rrXaquHCiIEBcAE&ui=482f78f6-3eed-4ce6-9bd2-2402e15f2d69-tuct8c8a010&it=text&ii=~~V1~~-2398651290396398553~~J_tpp_EcLjm026KPiTTGdQq7S2tYlNVxz0HKRkUCV8DTxvAnL2wqac4MyzR7uD46gj3kUkbS3FhelBtnsiJV6MhkDZRZzzIqDobN6rWmCPA3hYz5D3PLat6nhIftiT1lwdxwdlxkeV_Mfb3eos_TQZ4a6mmx10IQsd2kfeJTLN2pzF843hGWVGB5EqMTASFBcL_u0zp70EspNYvRhrJvR99GRwzA1dHCXb9AsWk7VkiQORBXdC6GZ4lTM9bktvA0V0HOp-NjuOkTe1gUfc3IIPmDIhCreX2gYPy11UC2510fLEpgowoMhhjl6-YNTBEc&pt=home&li=rbox-h2v&sig=946c8e4df2a198e3d208d862faac5776a77bae334521&redir=https%3A%2F%2Fsonoviastore.com%2Fblogs%2Fnews%2Fthe-best-face-mask-for-air-travel-in-2021%3Futm_source%3Dtaboola%26utm_medium%3Dreferral%26utm_campaign%3DTB_Blog_AirTravel_NonPremium_TCPA_US_PC%26tblci%3DGiCQ_IpVc_bEnss6VQTJ5ksu7rSW5SO2OyOI_WMVE2pkXSDq3U8oztCmw8j37piOAQ%23tblciGiCQ_IpVc_bEnss6VQTJ5ksu7rSW5SO2OyOI_WMVE2pkXSDq3U8oztCmw8j37piOAQ&vi=1640962704144&p=taboolaaccount-sonoviatechgmailcom&r=78&tvi2=-2&lti=deflated&ppb=CJMF&cpb=EhIyMDIxMTIzMC03LVJFTEVBU0UY7rjb0wYgnP__________ASoZdXMudGFib29sYXN5bmRpY2F0aW9uLmNvbTIJd2F0ZXIxMjU2OICC5hpAkaQOSLDlD1Cky9kDWP8DYwj-__________8BEP7__________wEYAmRjCNcWENUfGCNkYwjc__________8BENz__________wEYJGRjCNwKEKAQGBZkYwjSAxDgBhgIZGMIlhQQnhwYGGRjCMgcEMInGBlkYwj1__________8BEPX__________wEYC2RjCPQUEJ4dGB9keAGAAfZXiAH___________8B&cta=true,No data
http://nas-pgtp.pierroton.inra.fr/osticket/upload/account.php?do=create&lang=en_US,No data
https://app.podia.com/signup,No data
https://td.org.uit.no/members/register,No data
https://gbfile.com/register,No data
http://www.humankinetics.com/registration,No data
https://tvrain.ru/login/,"{""isLogin"":true,""isSignup"":false,""sendMessage"":true}"
https://secure.deutsche-bank.de/pbc/trxmdemokonto/loginpin/goto.do,No data
https://nl.steelcase.com/nl/account/register,No data
https://preference-center.royalcanin.com/Account/register?redirect_uri=https%3A%2F%2Fpreference-center.royalcanin.com%3Forigin%3Dregister&client=0oafxxigkGvugYFey416,No data
https://adrise.com/register,INVALID
http://commentarymagazine.com,INVALID
https://firebox.com/account/register,No data
https://tribecafilm.com/users/sign_up,No data
http://solidfiles.com,No data
https://gifts2sale.com/account/register,No data
https://www.linio.cl/account/invoice-addresses,No data
http://vkmonline.com,No data
https://dailyuploads.net/?op=registration,No data
http://wordcounter.net,No data
http://sphero.com,No data
https://www.allbirds.com/account,No data
https://trc.taboola.com/gannettdigital-ndfdailynews/log/3/click?pi=%2F&ri=08bd47b13299f2028acbb7ccac1b1429&sd=v2_4b34cfb65114d48351b46ad658bdc79d_a14c5b22-af4a-4d95-bd21-f86409a7c1d2-tuct8b9def3_1639995763_1639995763_CIi3jgYQgf1MGPbT9brdLyABKAEw4QE4kaQOQLDlD0iky9kDUP8DWABgAGiku_OBv62VkT5wAQ&ui=a14c5b22-af4a-4d95-bd21-f86409a7c1d2-tuct8b9def3&it=text&ii=~~V1~~4045399150944485095~~-rbCEaiWdxEIoP2REbPNrwq7S2tYlNVxz0HKRkUCV8DTxvAnL2wqac4MyzR7uD46gj3kUkbS3FhelBtnsiJV6MhkDZRZzzIqDobN6rWmCPA3hYz5D3PLat6nhIftiT1lwdxwdlxkeV_Mfb3eos_TQZ4a6mmx10IQsd2kfeJTLN1ez5hp1asUTqvRq5LaLE2RbTGlY1o8i7NgJr57UCoHxOYH2pzbkR5m-D5zAKvA-p-QORBXdC6GZ4lTM9bktvA0V0HOp-NjuOkTe1gUfc3IIPmDIhCreX2gYPy11UC2510fLEpgowoMhhjl6-YNTBEc&pt=home&li=rbox-h2v&sig=b28f491945bf4554f3318de1890e57a6a990527b04fe&redir=https%3A%2F%2Fsonoviastore.com%2Fblogs%2Fnews%2Fthe-best-face-mask-for-air-travel-in-2021%3Futm_source%3Dtaboola%26utm_medium%3Dreferral%26utm_campaign%3DTB_Blog_AirTravel_NonPremium_TCPA_US_PC%26tblci%3DGiBJS_rkhbczGoIL4P0gN7r8fuANrXHx_ylqyKQ90GrnhyDq3U8ojMLNyfSljZwz%23tblciGiBJS_rkhbczGoIL4P0gN7r8fuANrXHx_ylqyKQ90GrnhyDq3U8ojMLNyfSljZwz&vi=1639995763190&p=taboolaaccount-sonoviatechgmailcom&r=52&lti=force-lr-2_ctrl&ppb=CKQH&cpb=EhIyMDIxMTIwOC00LVJFTEVBU0UYASCc__________8BKhl1cy50YWJvb2xhc3luZGljYXRpb24uY29tMgl3YXRlcjExMjk4gODvHkCRpA5IsOUPUKTL2QNY_wNjCNcWENUfGCNkYwjt__________8BEO3__________wEYE2RjCNwKEKAQGBZkYwjSAxDgBhgIZGMIlhQQmxwYGGRjCPsZEJwmGAlkYwi3JRDZMhgKZGMI6yQQhTIYHWRjCPQUEJ4dGB9keAGAAfZXiAH___________8B&cta=true,No data
https://broaddy.uni.lu/register/international,No data
https://siol.net/users/registration,No data
https://market.unicef.org.uk/myaccount/createaccount/,No data
https://trc.taboola.com/gannettdigital-lubbockonline/log/3/click?pi=%2F&ri=9eadfba5e6c3f0aba66caf1e675230b6&sd=v2_d87c1e231171197251821a090ea937b6_2863a93d-6829-43a2-92db-7950230f3cfe-tuct8b6f931_1639805873_1639805873_CIi3jgYQ5vxMGMzYr-DcLyABKAEw4QE4kaQOQLDlD0iky9kDUP8DWABgAGiku_OBv62VkT5wAQ&ui=2863a93d-6829-43a2-92db-7950230f3cfe-tuct8b6f931&it=text&ii=~~V1~~-61467238785767143~~J_tpp_EcLjm026KPiTTGdQq7S2tYlNVxz0HKRkUCV8DTxvAnL2wqac4MyzR7uD46gj3kUkbS3FhelBtnsiJV6MhkDZRZzzIqDobN6rWmCPA3hYz5D3PLat6nhIftiT1lwdxwdlxkeV_Mfb3eos_TQZ4a6mmx10IQsd2kfeJTLN3WfGxmbeJhJlm5_iMRJ6h-bTGlY1o8i7NgJr57UCoHxOYH2pzbkR5m-D5zAKvA-p-QORBXdC6GZ4lTM9bktvA0V0HOp-NjuOkTe1gUfc3IIPmDIhCreX2gYPy11UC2510fLEpgowoMhhjl6-YNTBEc&pt=home&li=rbox-h2v&sig=747931ae37b7e8604cfd359a20708d630237592f6744&redir=https%3A%2F%2Fsonoviastore.com%2Fblogs%2Fnews%2Fthe-best-face-mask-for-air-travel-in-2021%3Futm_source%3Dtaboola%26utm_medium%3Dreferral%26utm_campaign%3DTB_Blog_AirTravel_NonPremium_TCPA_US_PC%26tblci%3DGiDUcWwer5ozmvpb0uueozXeQeCVBDSFGJQx97R7sEZKxyDq3U8onrXl2eiv1sDgAQ%23tblciGiDUcWwer5ozmvpb0uueozXeQeCVBDSFGJQx97R7sEZKxyDq3U8onrXl2eiv1sDgAQ&vi=1639805873228&p=taboolaaccount-sonoviatechgmailcom&r=51&lti=deflated&ppb=CPUF&cpb=EhIyMDIxMTIxNS0xLVJFTEVBU0UYASCc__________8BKhl1cy50YWJvb2xhc3luZGljYXRpb24uY29tMgl3YXRlcjEyNDM4gODvHkCRpA5IsOUPUKTL2QNY_wNjCP4WEIogGBNkYwjXFhDVHxgjZGMI3P__________ARDc__________8BGCRkYwj5__________8BEPn__________wEYB2RjCNIDEOAGGAhkYwiWFBCdHBgYZGMIyxgQpCIYCWRjCPQUEJ4dGB9keAGAAfZXiAH___________8B&cta=true,No data
https://academy.propstream.com/users/sign_up,No data
https://bgm.tv/signup,No data
https://www.forzieri.com/usa/register.asp?l=usa&c=usa&pkb=1,No data
https://signalscv.com/register/,No data
https://gogoanime.wiki/register.html,No data
https://www.edfringe.com/register?return_to=/account,No data
https://www.trepup.com/signup?ref=hp_tu_tup_bnr_5_1_d,No data
https://app1.unmc.edu/sharing/signupTM/,No data
https://vacalvers.com/account/register,No data
http://goodshop.com,No data
https://www.thecourier.co.uk/login,"{""isLogin"":true,""isSignup"":false,""sendMessage"":true}"
https://museumalliance.ryver.com/application/signup/guests/TGcXfWsrasrSC7I,No data
https://www.themeum.com/login?action=register,No data
https://frankfurt.de:443/de-de/register,No data
https://auth.trafficstars.com/register/role/pub?client_id=17791850604129841576568877780518,No data
https://thegadgetflow.com/login/?redirect=https%3A%2F%2Fthegadgetflow.com%2Fportfolio%2Fgarmin-venu2-plus-gps-fitness-smartwatch-lets-you-take-calls-at-the-push-of-a-button%2F,No data
https://profile.theguardian.com/register?returnUrl=https%3A%2F%2Ftheguardian.com,No data
https://8degreethemes.com/my-account/,No data
http://mangatx.com,No data
https://store.intelrealsense.com/customer/account/create?gobackUrl=aHR0cHM6Ly93d3cuaW50ZWxyZWFsc2Vuc2UuY29tL2ZhY2lhbC1hdXRoZW50aWNhdGlvbg==,"{""isLogin"":true,""isSignup"":false,""sendMessage"":true}"
http://www.spten.com/?tpage=register,"{""isLogin"":false,""isSignup"":true,""sendMessage"":true}"
http://www.pdelite.org/index.php?action=register,No data
http://alperencinar.com/register.php,No data
https://id.condenast.io/register,No data
http://avis-verifies.com,No data
https://www.mineplex.com/login/login,No data
https://dokumen.tips/register.html,INVALID
http://cupshe.com,No data
https://www.kyoto-np.co.jp/auth/login,"{""isLogin"":true,""isSignup"":false,""sendMessage"":true}"
https://www.aruba.com/uk/myaruba/create-an-account,No data
https://permittracker.atlantaga.gov/users/sign_up,No data
https://connect.detik.com/accounts/register/option/?clientId=10218&redirectUrl=https%3A%2F%2Fwww.beautynesia.id%2Fuser%2Fauthorize%3Fu%3Dhttps%253A%252F%252Fwww.beautynesia.id%252F,No data
https://www.tynker.com/#/login,No data
https://coinmarketcal.com/en/developer/register,"{""isLogin"":false,""isSignup"":true,""sendMessage"":true}"
https://www.templeandwebster.com.au/session/secure/account/register.php,"{""isLogin"":false,""isSignup"":true,""sendMessage"":true}"
http://solo.to,No data
https://www.nikeoutletstoreonlineshopping.us/create_account.html,None
https://vipergirls.to/register.php,"{""isLogin"":false,""isSignup"":true,""sendMessage"":true}"
http://www.travelful.net/register.asp,No data
https://www.kenzo.com/us/en/kenzo-club-account-creation,No data
https://smmabi.com/auth/signup,No data
https://admin.tourneymachine.com/GetStartedSignUp.aspx,No data
https://accounts.iebschool.com/signup/?next=https%3A%2F%2Faccounts.iebschool.com%2F,undefined
http://michelefranzesemoda.com,No data
https://member.spicethemes.com/signup,No data
https://www.linio.com.co/account/payment-methods,No data
https://callforpapers.locaweb.com.br/users/sign_up,No data
https://waterfootprint.org/accounts/register/,No data
https://usatuan.com/account/register,No data
https://www.cookpolitical.com/user/register,No data
https://isenselabs.com,No data
https://gkccf.academicworks.com/users/sign_up,No data
http://tributes.com/account/obitsreg?type=signup&resource=%2F,No data
https://financialtribune.com/user/register,No data
http://cpacanada.ca,No data
https://adsansar.com/register.php,No data
https://www.charlottesweb.com/customer/account/create/,undefined
https://www.kijiji.it/miei-annunci/registrati,No data
http://comed.com,No data
https://www.mydirtyhobby.de/n/register,No data
https://chototmuaban.net/user/register,No data
https://www.carolazeta.com/account/register,No data
https://login.healthengine.com.au/register,No data
https://www.grin.com/login/,"{""isLogin"":false,""isSignup"":true,""sendMessage"":true}"
https://idaliamuebles.com/web/signup,No data
http://rcseng.ac.uk,No data
https://id.solopos.com/register,No data
http://undefeated.com,""""""
https://www.wago.com/us/register/singlestep,""""""
https://www.tupperware.com/account/register,"{""isLogin"":true,""isSignup"":false,""sendMessage"":true}"
https://www.elplural.com/registro.html,No data
https://app3.rsvpify.com/register,No data
https://www.evernote.com/Registration.action,No data
https://abookapart.com/account/register,undefined
https://marinesuppliesus.com/account/register,No data
http://smarthome.com,No data
https://obzor.lt/profile/signup/,No data
http://viceroyhotelsandresorts.com,No data
https://docs.mmodal.com/en/editor/index.php/login?view=registration,No data
https://tantannews.com/register?,No data
https://www.jillbucy.com/login.asp,No data
https://cryptopanic.com/accounts/signup/,No data
http://user.qjy168.com/register_gratis.php,No data
http://user.funi.com/user/register,No data
https://term7.vdi-online.de/index.php/registration/registration,No data
https://1app.planningportal.co.uk/UserAccount/Register,No data
http://userload.co/register.html,No data
http://foodgawker.com,No data
https://elcompanies.taleo.net/careersection/iam/accessmanagement/login.jsf?redirectionURI=https%3A%2F%2Felcompanies.taleo.net%2Fcareersection%2Fexternal%2Fjobsearch.ftl%3Fftlcompclass%3DLoginComponent&TARGET=https%3A%2F%2Felcompanies.taleo.net%2Fcareersection%2Fexternal%2Fjobsearch.ftl%3Fftlcompclass%3DLoginComponent&utm_source=elcompanies.com&utm_medium=link&utm_campaign=ELCO-to-taleo&utm_term=homepage,No data
https://www.goldstar.com/suppliers/signup,No data
https://blog.dcu.org/sign-up,No data
http://mastodon.online,No data
http://shethinx.com,No data
https://trc.taboola.com/ynet-ynet-/log/3/click?pi=%2Fhome%2F0%2C7340%2Cl-8%2C00.html&ri=3f5b8bdccd6d3366ab3b75d82b85f855&sd=v2_f8e751a1f165eb692a5ea684efe68988_8ac6ed60-c2c6-420a-b090-a460407d9c77-tuct8ca6ac5_1641080134_1641080134_CIi3jgYQmqhBGMSx_r_hLyABKAMw4QE4kaQOQLDlD0iky9kDUP8DWABgAGi2rrXaquHCiIEBcAE&ui=8ac6ed60-c2c6-420a-b090-a460407d9c77-tuct8ca6ac5&it=text&ii=~~V1~~-7281534791385535237~~OrOku54OA38nCcWDKmcp0wq7S2tYlNVxz0HKRkUCV8DTxvAnL2wqac4MyzR7uD46gj3kUkbS3FhelBtnsiJV6MhkDZRZzzIqDobN6rWmCPA3hYz5D3PLat6nhIftiT1lwdxwdlxkeV_Mfb3eos_TQZ4a6mmx10IQsd2kfeJTLN3WfGxmbeJhJlm5_iMRJ6h-DiOWiiGR3CxrOmcyCFAVmN9GRwzA1dHCXb9AsWk7VkiQORBXdC6GZ4lTM9bktvA0V0HOp-NjuOkTe1gUfc3IIPmDIhCreX2gYPy11UC2510fLEpgowoMhhjl6-YNTBEc&pt=home&li=rbox-h2v&sig=ce512d188f4c673d107f9c39a04cbdfb69da39fdcd2a&redir=https%3A%2F%2Fsonoviastore.com%2Fblogs%2Fnews%2Fthe-best-face-mask-for-air-travel-in-2021%3Futm_source%3Dtaboola%26utm_medium%3Dreferral%26utm_campaign%3DTB_Blog_AirTravel_NonPremium_TCPA_US_PC%26tblci%3DGiBtRNDtQ0-NQ_PhxCabq7ujSf0HLSFXWAFV3CC4_icTTiDq3U8ouIqS4bnXrLDiAQ%23tblciGiBtRNDtQ0-NQ_PhxCabq7ujSf0HLSFXWAFV3CC4_icTTiDq3U8ouIqS4bnXrLDiAQ&vi=1641080133828&p=taboolaaccount-sonoviatechgmailcom&r=26&lti=deflated&ppb=CL8D&cpb=EhIyMDIxMTIzMC03LVJFTEVBU0UYsiEgv_8nKhl1cy50YWJvb2xhc3luZGljYXRpb24uY29tMgh3YXRlcjE3OTiA2qqXAUCRpA5IsOUPUKTL2QNY_wNjCNcWENUfGCNkYwjq__________8BEOr__________wEYFmRjCNIDEOAGGAhkYwiWFBCgHBgYZGMI5___________ARDn__________8BGBlkYwj0FBCeHRgfZHgBgAH2V4gB____________AQ&cta=true,No data
http://spikbuy.network,No data
https://emailoctopus.com/account/sign-up,"{""isLogin"":false,""isSignup"":true,""sendMessage"":true}"
https://www.pizzahut.com.hk/#/signin,No data
https://connect.detik.com/accounts/register?ui=desktop&clientId=64&redirectUrl=https%3A%2F%2Fconnect.detik.com%2F,No data
https://10to8.com/signup/,No data
http://www.biznewsselect.com/sweb2/register/signup,No data
https://www.designcouncil.org.uk/user/register,No data
https://www.georgiapower.com/business/manage-your-businessaccount/energydirect.html,No data
http://www.daofire.com/login,No data
https://abroadsanjal.com/./index.php?qa=register&to=index.php,No data
https://bape.com/account/login,No data
https://connect.detik.com/accounts/register?clientId=3&redirectUrl=https%3A%2F%2Fnews.detik.com%2F&ui=popup&parentURI=https://news.detik.com/,No data
http://www.tosaweb.com/sweb2/register/signup,No data
http://www.envision-web.com/sweb2/register/signup,No data
http://passport.esnai.com/userlogin.php?loginfrom=http%3A%2F%2Fwww.esnai.com%2F,No data
https://izprofit.com/auth/register,No data
https://trc.taboola.com/gannettcompany-newscincinnati/log/3/click?pi=%2F&ri=a30ab6d94d965a0377b351540b9cee0a&sd=v2_e29439a5ca982f0362612582bcf15cec_54a11cfc-c082-40ff-acc7-99a7e10f2e8b-tuct8e001e9_1642495081_1642495081_CIi3jgYQ36I9GPH71-LmLyABKAQw4QE4kaQOQLDlD0iky9kDUP8DWABgAGiku_OBv62VkT5wAQ&ui=54a11cfc-c082-40ff-acc7-99a7e10f2e8b-tuct8e001e9&it=text&ii=~~V1~~-2398651290396398553~~rbDTS1IA-5TeNo5tYRzQlwq7S2tYlNVxz0HKRkUCV8DTxvAnL2wqac4MyzR7uD46gj3kUkbS3FhelBtnsiJV6MhkDZRZzzIqDobN6rWmCPA3hYz5D3PLat6nhIftiT1lwdxwdlxkeV_Mfb3eos_TQZ4a6mmx10IQsd2kfeJTLN1wwXLDI9YcfSM02KwTfKAXb3SZP-c09T28FDfYe976LoNeMgPnt6WgVIcY73_kRi6QORBXdC6GZ4lTM9bktvA0V0HOp-NjuOkTe1gUfc3IIPmDIhCreX2gYPy11UC2510fLEpgowoMhhjl6-YNTBEc&pt=home&li=rbox-h2v&sig=2cdba282de333c5e9985ba44cf32680a08e0f95e7ee8&redir=https%3A%2F%2Fsonoviastore.com%2Fblogs%2Fnews%2Fthe-best-face-mask-for-air-travel-in-2021%3Futm_source%3Dtaboola%26utm_medium%3Dreferral%26utm_campaign%3DTB_Blog_AirTravel_NonPremium_TCPA_US_PC%26tblci%3DGiDEQTMOcuLt5-UCuaSdsNqw8w-UUIKWJu8a3BDWjj_jqyDq3U8or8fbm8-ijumrAQ%23tblciGiDEQTMOcuLt5-UCuaSdsNqw8w-UUIKWJu8a3BDWjj_jqyDq3U8or8fbm8-ijumrAQ&vi=1642495081969&p=taboolaaccount-sonoviatechgmailcom&r=7&lti=deflated&ppb=CHo&cpb=EhIyMDIyMDExNy0zLVJFTEVBU0UY35AeIJz__________wEqGXVzLnRhYm9vbGFzeW5kaWNhdGlvbi5jb20yCXdhdGVyMTI3NTiAgI7mAkCRpA5IsOUPUKTL2QNY_wNjCNcWENUfGCNkYwjSAxDgBhgIZGMIlhQQnhwYGGRjCPQUEJ4dGB9keAGAAfZXiAH___________8B&cta=true,No data
http://testdomain6548.de/register.php,No data
https://www.infinixmobility.com/login,No data
https://onlineinvest.me/signup,No data
https://theeliquidboutique.co.uk/account/register,No data
https://scrimba.com/#sign-up,No data
https://www.comc.com/account/register,"{""isLogin"":true,""isSignup"":false,""sendMessage"":true}"
http://www.webdeamor.com/sweb2/register/signup,No data
https://www.datadeliver.net/register/free_sender_form.do,No data
http://www.webteksites.com/sweb2/register/signup,No data
http://vvdy.com/zb_system/cmd.php?act=login,No data
http://www.nightsgarden.com/sweb2/register/signup,No data
https://mastodon.acc.sunet.se/auth/sign_up,No data
https://railsroot.com/users/sign_up,No data
http://mastodon.juggler.jp,No data
http://www.firesci.com/sweb2/register/signup,No data
https://icampmo1.usedirect.com/MSPWeb/Customers/Login.aspx,No data
http://www.contentteamonline.com/sweb2/register/signup,No data
https://adstore.tm.com.my/web/WebForm/SignUp.aspx,No data
http://www.trekcommunity.com/sweb2/register/signup,No data
http://www.recmydream.com/sweb2/register/signup,No data
https://observa.gijon.es/signup/,No data
http://www.cardschat.com,No data
https://breal.tv/sign-up,No data
https://goldzonecollection.com/customer/account/forgotpassword/,No data
https://excelbetting.com/register,No data
http://www.icanet.org/sweb2/register/signup,No data
http://www.recentblog.net/sweb2/register/signup,No data
https://www.parktool.com/user/register,No data
http://mymedistore.com,No data
http://www.wickforce.com/sweb2/register/signup,No data
https://www.e-unwto.org/action/showLogin?uri=%2F,No data
http://www.tek-blogs.com/sweb2/register/signup,No data
https://login.xtime.com/accterror/,No data
http://www.gaia-space.com/sweb2/register/signup,No data
https://3drealms.com/accounts/signup/,No data
https://www.nobullproject.com/account,"{""isLogin"":true,""isSignup"":false,""sendMessage"":true}"
http://www.journalnewsnet.com/sweb2/register/signup,No data
http://www.canada-blogs.com/sweb2/register/signup,No data
http://www.eccportal.net/sweb2/register/signup,No data
https://www.pichunter.com/register,No data
http://www.eccportal.net/sweb2/register/signup,No data
https://www.pichunter.com/register,INVALID
http://www.apeaceweb.net/sweb2/register/signup,INVALID
http://radpowerbikes.com,INVALID
https://misweb.cccco.edu/AuditTracker/Account/Register,INVALID
http://toonily.net,INVALID
https://www.childrensmuseum.org/account/access,INVALID
http://www.odfl.com/CustomerRegistration/,INVALID
https://www.yeezy350.de/create_account.html,INVALID
https://www.wmf.com/de/customer/account/create/,INVALID
http://www.innoarticles.com/sweb2/register/signup,INVALID
https://www.yeezyadidas.de/create_account.html,INVALID
http://www.sojournals.com/sweb2/register/signup,INVALID
http://www.storybookstar.com/sweb2/register/signup,INVALID
http://www.zamsblog.com/sweb2/register/signup,INVALID
https://www.maps.com/account,INVALID
https://www.hanon-shop.com/account/register,INVALID
https://www.altaj.it/community/?foro=signup&redirect_to=https%3A%2F%2Fwww.altaj.it%2Fcommunity,INVALID
http://nuance.custhelp.com/app/utils/account_assistance,INVALID
http://www.tutorial-blog.net/sweb2/register/signup,INVALID
http://www.onlinetechjournal.com/sweb2/register/signup,INVALID
https://shop.anseladams.com/account/login,INVALID
https://forum.ovoenergy.com/my-account-140/trying-to-register-for-the-new-online-account-why-is-there-no-email-link-how-do-set-the-password-7990,INVALID
http://jiovana.com/register/,INVALID
https://www.outdoorresearch.com/us/customer/account/create/,INVALID
https://www.princeclassified.com/user/register,INVALID
https://connect.detik.com/accounts/register?clientId=10268&redirectUrl=https%3A%2F%2F20.detik.com%2F&ui=popup&parentURI=https://20.detik.com/,INVALID
https://visitmaine.com/register,INVALID
https://us.eastpak.com/account/register,INVALID
https://forever21.ca/account/login,INVALID
https://apps.dbu.edu/financial-aid/supplemental20-21/SignUp.aspx,INVALID
http://homemortgagesuccess.com/register/,INVALID
https://app.cyfe.com/signup/101,INVALID
http://www.buzzlatest.com/sweb2/register/signup,INVALID
https://streamja.com/signup,INVALID
https://mailman.nginx.org/accounts/signup/?next=%2Fmailman3%2Flists%2F,INVALID
http://mstdn.social,INVALID
https://maphub.net/register?next=%2F,INVALID
https://landscapeofflimits.com/register/,INVALID
https://gfuel.com/account/register,INVALID
http://iversity.org,INVALID
https://www.zippo.com/account/register,INVALID
https://admin.tourneymachine.com/GetStartedSignUp.aspx,INVALID
https://www.cartevo.com/user/signup,INVALID
https://stockedge.com/Account/Register,INVALID
https://www.riedel.com/en-us/myriedel?register,INVALID
http://www.thedeels.com/sweb2/register/signup,INVALID
http://nigeriafooddata.ui.edu.ng/Account/Register,INVALID
http://www.cnes.uniport.edu.ng/Account/Register.aspx?ReturnUrl=,INVALID
https://pdfroom.com/register,INVALID
https://www.beachcamera.com/account/register,INVALID
https://www.getquip.com/users/sign_up,INVALID
http://cointracking.info,INVALID
http://mateusz2607.usermd.net/index.php?/register/,INVALID
https://www.vn.nl/registreren,INVALID
http://www.eblogmall.com/sweb2/register/signup,INVALID
https://ddtc.co.id/profile/register/,INVALID
https://videonow.ru/registration/,INVALID
https://arhouse.architectural-review.com/user/register-step-1,INVALID
https://trotot.com/user/register,INVALID
https://www.jordan-1.org/index.php?main_page=login&zenid=8isfv5uq6p2fpl2c74228vm7c6,INVALID
http://inkbox.com,INVALID
http://therealindependent.org,INVALID
http://mackweldon.com,INVALID
https://download.skyroam.com/register,INVALID
https://bbj.hu/register,INVALID
https://www.paperrater.com/members/sign_up,INVALID
https://www.jacksonlewis.com/user/register,INVALID
https://us-store.isseymiyake.com/zh-cn/account/register,INVALID
https://just-token.com/register,INVALID
https://en.samedayessay.com/customers/account/reset-password,INVALID
https://veepn.com/registration/,INVALID
https://callhippo.com/signup/south-africa-phone-number/,INVALID
https://store.ucam.edu/en/account/register,INVALID
https://jira.typo3.com/secure/Signup!default.jspa,INVALID
http://support.respondus.com/support/index.php?/Base/UserRegistration/Register,INVALID
https://sso.openedu.ru/register,INVALID
http://system.alexamaster.com/register.php,INVALID
https://gocollect.com/register,INVALID
https://www.jordan-1s.com/index.php?main_page=account_history,INVALID
https://www.air-jordan1.com/index.php?main_page=login&zenid=40ng022kp6c7fckp2qdlslq622,INVALID
https://errorception.com/signup,INVALID
https://events.trends.co/accounts/signup/?next=/events/details/the-hustle-virtual-mixers-presents-designers-mixer/,INVALID
http://platanomelon.com,INVALID
https://www.nikejordan1.com/create_account.html,INVALID
http://www.ugodambrosi.it/index.php?option=com_users&view=registration&Itemid=,INVALID
https://logmi.jp/signup,INVALID
http://www.kyrieirving-shoes.us.com/create_account.html,INVALID
https://sql-down-under.newzenler.com/register,INVALID
https://www.shadesoflight.com/users/account,INVALID
https://www.ripndipclothing.com/account/register,INVALID
https://quicksurveys.com/signup,INVALID
https://vitaminsforpitbulls.com/my-account/,INVALID
http://www.biochar.org/joomla/index.php?option=com_registration&task=register,INVALID
https://cutzunlimited.com/index.php?route=account/register,INVALID
https://www.footballguys.com/amember/signup,INVALID
https://www.bodyrock.tv/account/register,INVALID
https://jupiter.minutemanpress.com/customer_portal/create-an-account.html,INVALID
https://www.surfacemag.com/create-account/,INVALID
https://my.tsohost.com/register.php,INVALID
https://shop.santacruzbicycles.com/account/register,INVALID
https://shop.getty.edu/account/register,INVALID
https://shop.sane.org.uk/account/create,INVALID
https://app.wisemapping.com/c/user/registration,INVALID
https://sso.ss-blog.jp/account/register,INVALID
https://www.boulderdigitalarts.com/functions/member-signup.php,INVALID
https://researchrepository.ucd.ie/loginstats,INVALID
https://www.indulekha.com/index.php?route=account/register,INVALID
https://www.aerogarden.com/customer/account/create/,INVALID
https://fffmovieposters.com/my-account/,INVALID
http://bepick.net,INVALID
https://blend.io/register,INVALID
https://www.musclebully.com/account/register,INVALID
https://okky.kr/login/auth?redirectUrl=%2F,INVALID
https://www.goskills.com/SignUp,INVALID
http://y4yy.com/./register?to=,INVALID
https://kbdfans.com/account/register,INVALID
https://delaemrukami.org/registration/,INVALID
http://crimsonguitars.com,INVALID
https://www.liverproleplay.com/register/,INVALID
http://madison.bcycle.com,INVALID
https://www.evolutionscript.com/client/register,INVALID
https://www.spayee.com/signup.html,INVALID
https://www.shoepalace.com/account/register,INVALID
https://thehalara.com/account/register,INVALID
http://robertdyas.co.uk,INVALID
http://www.untuckit.com,INVALID
https://www.marie-claire.es/usuario/registro,INVALID
http://mastodon.cloud,INVALID
https://sleepband.com/account/register,INVALID
https://www.e-ticaretsitesi.com/register,INVALID
https://edu.cebraspe.org.br/suporte/account.php?do=create,INVALID
https://www.buywow.in/account/register,INVALID
https://www.crownandcaliber.com/account/register,INVALID
https://www.2all.co.il/WP_register.aspx,INVALID
https://eagleshop.msjc.edu/msjcme/account_create.asp?target=&formItems=,INVALID
https://mea.vaio.com/en/register,INVALID
https://www.outdoorphotographer.com/login,INVALID
https://moniquelhuillier.com/account/register,INVALID
https://www.thetiebar.com/account/register,INVALID
https://searchika.com/user/register,INVALID
https://wowitloveithaveit.com/account/register,INVALID
https://biocreative.bioinformatics.udel.edu/accounts/register/,INVALID
https://www.petermillar.com/login,INVALID
https://www.virtualformguide.com/member-registration.html,INVALID
https://alumni.oit.edu/account/register,INVALID
https://www.kirnberger.com/index.php?option=com_user&view=register&Itemid=100063,INVALID
https://kordinate.world/mylogin790/?action=register,INVALID
http://manytoon.com,INVALID
https://www.trafficape.com/Account/Register?ref=traffic,INVALID
https://www.27east.com/s-signup,INVALID
https://www.drunkelephant.com/account,INVALID
https://www.air-jordan4.com/index.php?main_page=account&zenid=8moid83t3afapcjkugdr1ptdv2,INVALID
http://wrappixel.com,INVALID
https://www.medicaspace.com/signup,INVALID
http://www.bluecrossnc.com,INVALID
http://escada.com,INVALID
https://www.allelectronics.com/register,INVALID
https://usizy.com/accounts/signup/,INVALID
https://www.bbcicecream.com/account/register,INVALID
https://www.xhibition.co/account,INVALID
https://www.adidas-yeezy.org/index.php?main_page=login&zenid=dj2p9ligbk77hi6trok72n3621,INVALID
https://schooltv.nl/mijnschooltv/registreren/,INVALID
https://network.bioregions.efi.int/web/signup,INVALID
https://secularhumanism.org/wp-login.php?action=lostpassword,INVALID
https://www.rsj.winchester.ac.uk/user/register/,INVALID
http://indico.fuw.edu.pl/userRegistration.py,INVALID
https://id.containerize.com/signup?clientId=prod.discourse.groupdocs&redirectUrl=https://forum.groupdocs.app/session/sso,INVALID
https://secondhandsongs.com/register?ref=/,INVALID
https://roboindia.com/store/index.php?route=account/register,INVALID
https://savons.com/authentification?create_account=1,INVALID
https://apps.elfsight.com/sign-up/,INVALID
https://www.vanityplanet.com/account/register,INVALID
http://piminigeria.com/index.php/en/component/users/?view=registration,INVALID
https://www.myassignmenthelpau.com/register,INVALID
http://auphonic.com/accounts/register/,INVALID
http://labs.tripdatabase.com/account/register,INVALID
https://geniunemagicmushrooms.com/woocommerce-pages/my-account-2/,INVALID
https://www.soccerladuma.co.za/user/sign_up,INVALID
https://simplebits.com/account/register,INVALID
http://www.turntablelab.com,INVALID
http://merckmli.com/my-account/,INVALID
https://stationtetvous.totalenergies.fr/en/users/sign_up,INVALID
https://njal.la/signup/,INVALID
https://pixelsurplus.com/account/register,INVALID
http://hellomolly.com,INVALID
https://olloclip.com/account/register,INVALID
http://ecofinders.com.br/joomla-pages-ii/user-registration,INVALID
https://www.seaarttrim.com/web/signup,INVALID
https://ticketing.picturehouses.com/Browsing/Loyalty/SignUp/1,INVALID
https://www.gresham.ac.uk/register/,INVALID
https://alquimiadelibra.com/account/register,INVALID
https://connect.detik.com/accounts/register?clientId=55&redirectUrl=https%3A%2F%2Fhealth.detik.com%2F&ui=popup&parentURI=https://health.detik.com/,INVALID
http://toot.cat,INVALID
https://www.gethuan.com/account/register,INVALID
https://www.strategyr.com/GIA_Register_NEW.asp?login=,INVALID
https://ton.business/register,INVALID
http://ethmine.cloud,INVALID
https://apps.mclaneco.com/bitbucket/signup,INVALID
https://www.leeandlow.com/users/sign_up,INVALID
https://tweakers.net/my.tnet/login/?location=https://tweakers.net/,INVALID
https://www.service-bw.de/registrierung,INVALID
http://www.unicoopfirenze.e-coop.it/registrazione,INVALID
https://jasoseol.com/users/sign_up,INVALID
http://eco-vector.com,INVALID
http://klett-sprachen.de,INVALID
http://www.taylorstitch.com,INVALID
https://www.mediamarkt.hu/webapp/wcs/stores/servlet/MultiChannelMARegister?storeId=19801&langId=-19&redirectURL=http%3A%2F%2Fwww.mediamarkt.hu%2Fwebapp%2Fwcs%2Fstores%2Fservlet%2FMultiChannelMAPersonal%3FcatalogId%3D14101%26langId%3D-19%26storeId%3D19801,INVALID
https://www.rainbowshops.com/pages/account-register-view,INVALID
https://blakelyclothing.com/account/register,INVALID
https://investincannabis.ca/register/,INVALID
https://www.arkivmusic.com/sign-in,INVALID
https://verify-email.org/register,INVALID
https://www.contactually.com/signup/begin,INVALID
http://spotern.com,INVALID
http://leitstellenspiel.de,INVALID
http://mdeconstrucciones.es/webMDE/en/component/users/?view=registration,INVALID
https://www.ziaruldeiasi.ro/login.html,INVALID
http://headphones.com,INVALID
http://ryman.co.uk,INVALID
https://fustany.com/en/users/sign_up,INVALID
http://heatpressnation.com,INVALID
http://cmssuperheroes.com,INVALID
http://wperp.com,INVALID
https://catering.mendocinofarms.com/?fuseaction=signin_signup,INVALID
https://www.b2bco.com/register.htm,INVALID
https://www.nweurope.eu/about-the-programme/the-organisation/sign-up-for-tender-updates/,INVALID
http://www.ifma19.org/sweb2/register/signup,INVALID
https://www.lasenza.com/my-account-create/,INVALID
https://www.azfonts.net/register.html,INVALID
http://www.kawhileonardshoes.us/create_account.html,INVALID
https://onesearch.id/MyResearch/UserLogin,INVALID
https://oxygenintltd.com/my-account-2/,INVALID
https://www.traveliowa.com/aspx/Login/createPlace.aspx,INVALID
https://www.collegestar.org/signup,INVALID
http://mangahentai.me,INVALID
https://connect.detik.com/accounts/register?clientId=29&redirectUrl=https%3A%2F%2Ffinance.detik.com%2F&ui=popup&parentURI=https://finance.detik.com/,INVALID
https://app.freeinvoicebuilder.com/#sign-up,INVALID
http://atbox.io,INVALID
https://gestionsimple.com/my-account/,INVALID
https://sr2.roguecc.edu/StudentResources/register.asp,INVALID
http://rusliestraps.com,INVALID
https://occm.masto.host/auth/sign_up,INVALID
https://thehouseofdrew.com/account/register,INVALID
http://mikogo.com,INVALID
https://www.stormviews.net/affiliate/signup,INVALID
https://www.tradegong.com/user/register,INVALID
https://auth.production.ippen.space/login?client_id=chiemgau24-de&register=true&printRegister=false&utm_source=ch24_menu&utm_medium=ch24_link&utm_campaign=ch24_menu&redirect_uri=https://www.chiemgau24.de/,INVALID
https://br.99ebooks.net/signup/,INVALID
https://www.mamafamille.ca/account/register,INVALID
http://beprepared.com,INVALID
http://www.wikiupload.com/login,INVALID
https://www.dialogfeed.com/signup,INVALID
https://my.busch-jaeger.de/de/user/registration/,INVALID
https://kozo.app/my-account/,INVALID
http://payadsocial.com,INVALID
https://www.uniquestyleracingstore.com/account,INVALID
https://roolee.com/account,INVALID
https://escortrosa.it/register/member,INVALID
https://en.ucoin.net/SignUp,INVALID
http://artspan.com,INVALID
http://mstdn.io,INVALID
http://nike-270.us/register,INVALID
https://www.thegldshop.com/account/login,INVALID
https://accounts.zerotier.com/auth/realms/zerotier/protocol/openid-connect/registrations?client_id=zt-central&redirect_uri=https%3A%2F%2Fmy.zerotier.com%2Fapi%2F_auth%2Foidc%2Fcallback&response_type=code&scope=openid+profile+email+offline_access&state=state,INVALID
https://formedbythemosthigh.com/account/register,INVALID
http://www.golden-gooses.com/index.php?main_page=account_history,INVALID
https://www.hubo.be/nl/klantgegevens/account/adressen.html,INVALID
https://connect.detik.com/accounts/register?clientId=64&redirectUrl=https%3A%2F%2Fwww.detik.com%2F&ui=popup&parentURI=https://www.detik.com/,INVALID
http://rockit.it,INVALID
https://www.cobra.com/account/login,INVALID
http://fotocelerpaolini.it/joomla/contact-component/registration-form,INVALID
https://partnerships.info.hkstp.org/en/users/sign_up,INVALID
https://themeflection.com/my-account/,INVALID
https://members.jamestaylor.com/register,INVALID
http://dagnedover.com,INVALID
https://bsch-cives1.chi.ac.uk/dap522/assignment/users/register,INVALID
https://hesperis-tamuda.com/register,INVALID
https://kango.az/profile/signup,INVALID
http://webmarketinglab.it,INVALID
http://www.pcmobilizr.com/sweb2/register/signup,INVALID
https://app.trajectdata.com/register,INVALID
https://biologichemp.com/account/register,INVALID
https://bhmanagement.securecafe.com/onlineleasing/apartmentsforrent/guestlogin.aspx,INVALID
https://imagetot.com/signup,INVALID
http://www.unipin.com,INVALID
https://customercare.velleman.eu/account.php?do=create,INVALID
https://cariuma.com/account/register,INVALID
https://business.satispay.com/signup,INVALID
https://kuwaitlocal.com/users/register,INVALID
https://www.eurogamer.es/register,INVALID
http://www.thewalkingcompany.com,INVALID
https://web.mahatat.com/signup,INVALID
https://www.overstock.com/myaccount,INVALID
https://imhatimi.org/forum/register/,INVALID
https://elitedomains.de/register,INVALID
https://www.artprize.org/members/signup,INVALID
https://temaretik.com/registration/,INVALID
http://talkroute.com/sign-up/,INVALID
http://nats.ddfcash.com/external.php?page=signup,INVALID
http://cxacademy.online,INVALID
https://promoidom.com/registration/,INVALID
https://www.lannoo.be/nl/user/login?destination=user/newsletters,INVALID
https://iqexams.net/register.php,INVALID
https://ourtrade.net/register,INVALID
https://www.clove.co.uk/account/register,INVALID
https://lightintheattic.net/signup,INVALID
https://wampi.ru/signup,INVALID
http://www.fredsgivingday.com/sweb2/register/signup,INVALID
https://the-happiness-project.com/account/register,INVALID
https://www.audiomusica.com/customer/account/create/referer/aHR0cHM6Ly93d3cuYXVkaW9tdXNpY2EuY29tL3BhZ2VfY2FjaGUvYmxvY2svZXNpL2Jsb2Nrcy8lNUIlMjJjYXRhbG9nLnRvcG5hdiUyMiU1RC9oYW5kbGVzL1d5SmtaV1poZFd4MElpd2lZMjF6WDJsdVpHVjRYMmx1WkdWNElpd2lZMjF6WDNCaFoyVmZkbWxsZHlJc0luSmxiVzkyWlY5amIyMXdZWEpsWDNCeWIyUjFZM1J6SWwwJTNELw%3D%3D/,INVALID
https://admin.tourneymachine.com/GetStartedSignUp.aspx,INVALID
http://www.globalmarket.com/register.html,INVALID
https://pleasing.com/account/register,INVALID
http://stats.markethealth.com/signup,INVALID
https://www.4moms.com/account,INVALID
https://twitch.tv,INVALID
http://sten.to,INVALID
https://www.alphaindustries.com/account/register,INVALID
https://proshoper.ru/~signup/?next=%2F,INVALID
https://shop.sunoco.com/index.php/customer/account/create/,INVALID
https://www.newham.gov.uk/register,INVALID
https://trainlife.com/account/register,INVALID
http://myweedshack.com/shop/my-account/,INVALID
https://moneycoach.co.th/signup/,INVALID
http://artemokrug.ru/auth/?register=yes,INVALID
https://debutifymerch.com/account/register,INVALID
https://centerforinquiry.org/wp-login.php?action=lostpassword,INVALID
https://www.useblackbox.io/signup,INVALID
http://library.avemaria.edu/wcpa/do/AffiliateUserServices?method=initSelfRegister&atype=text,INVALID
https://trc.taboola.com/cbslocaltv-denver/log/3/click?pi=%2F&ri=7ce902e2c59a1ef9493db5f5f7bb391b&sd=v2_315ee51a0b20ce16ef82d58a20b032a3_235d8d05-add6-446f-8737-28eb7a9d3388-tuct8c04492_1640414994_1640414994_CIi3jgYQh7NBGO2-6YLfLyABKAEw4QE4kaQOQLDlD0iky9kDUP8DWABgAGiku_OBv62VkT5wAQ&ui=235d8d05-add6-446f-8737-28eb7a9d3388-tuct8c04492&it=text&ii=~~V1~~-2398651290396398553~~uSA9KJPUUo3kD8s9ZSwM8Qq7S2tYlNVxz0HKRkUCV8DTxvAnL2wqac4MyzR7uD46gj3kUkbS3FhelBtnsiJV6MhkDZRZzzIqDobN6rWmCPA3hYz5D3PLat6nhIftiT1lwdxwdlxkeV_Mfb3eos_TQZ4a6mmx10IQsd2kfeJTLN2pzF843hGWVGB5EqMTASFBG9Fl-FuFN0-q-XV71Y2OL99GRwzA1dHCXb9AsWk7VkiQORBXdC6GZ4lTM9bktvA0V0HOp-NjuOkTe1gUfc3IIPmDIhCreX2gYPy11UC2510fLEpgowoMhhjl6-YNTBEc&pt=home&li=rbox-h2v&sig=a3d452865a41806a2d2923057508bb9f9743533519b5&redir=https%3A%2F%2Fsonoviastore.com%2Fblogs%2Fnews%2Fthe-best-face-mask-for-air-travel-in-2021%3Futm_source%3Dtaboola%26utm_medium%3Dreferral%26utm_campaign%3DTB_Blog_AirTravel_NonPremium_TCPA_US_PC%26tblci%3DGiB-Jd2Tf9B7dBAYv4axqd-AgE-Wfkrk2-2lOm9RCMpOASDq3U8oh4SX29TY5NzFAQ%23tblciGiB-Jd2Tf9B7dBAYv4axqd-AgE-Wfkrk2-2lOm9RCMpOASDq3U8oh4SX29TY5NzFAQ&vi=1640414994285&p=taboolaaccount-sonoviatechgmailcom&r=75&lti=deflated&ppb=COAE&cpb=EhIyMDIxMTIyMy02LVJFTEVBU0UYrY8eIJz__________wEqGXVzLnRhYm9vbGFzeW5kaWNhdGlvbi5jb20yCXdhdGVyMTIyNTiAircfQJGkDkiw5Q9QpMvZA1j_A2MI1xYQ1R8YI2RjCNwKEKAQGBZkYwjSAxDgBhgIZGMIlhQQmxwYGGRjCMgcEMInGBlkYwj3__________8BEPf__________wEYCWRjCPQFEIsKGAtkYwj0FBCeHRgfZHgBgAH2V4gB____________AQ&cta=true,INVALID
http://acumbamail.com,INVALID
https://learnzillion.com/signup,INVALID
https://perfectsnacks.com/account/register,INVALID
https://first.ua/auth/login,INVALID
http://kws.com,INVALID
https://trc.taboola.com/cbslocaltv-sacramento/log/3/click?pi=%2F&ri=5042e78774dee623f51bbb55f56dc48e&sd=v2_70d4ca116965168a161c110ff921ddcd_f145892a-5f44-46fe-b319-7007ad7047ca-tuct8c1f385_1640525317_1640525317_CIi3jgYQlLNBGL2Lt7ffLyABKAEw4QE4kaQOQLDlD0iky9kDUP8DWABgAGi2rrXaquHCiIEBcAE&ui=f145892a-5f44-46fe-b319-7007ad7047ca-tuct8c1f385&it=text&ii=~~V1~~-61467238785767143~~-VC480sHWN3SeXQm3Nn88Qq7S2tYlNVxz0HKRkUCV8DTxvAnL2wqac4MyzR7uD46gj3kUkbS3FhelBtnsiJV6MhkDZRZzzIqDobN6rWmCPA3hYz5D3PLat6nhIftiT1lwdxwdlxkeV_Mfb3eos_TQZ4a6mmx10IQsd2kfeJTLN3WfGxmbeJhJlm5_iMRJ6h-_5vI_-ozOg8RrWEMHAuZ_N9GRwzA1dHCXb9AsWk7VkiQORBXdC6GZ4lTM9bktvA0V0HOp-NjuOkTe1gUfc3IIPmDIhCreX2gYPy11UC2510fLEpgowoMhhjl6-YNTBEc&pt=home&li=rbox-h2v&sig=58319f3ddfd6f64fec2fd7acb984113d93ac03d8ff08&redir=https%3A%2F%2Fsonoviastore.com%2Fblogs%2Fnews%2Fthe-best-face-mask-for-air-travel-in-2021%3Futm_source%3Dtaboola%26utm_medium%3Dreferral%26utm_campaign%3DTB_Blog_AirTravel_NonPremium_TCPA_US_PC%26tblci%3DGiAA_18Wklq0voMeGMo3s47KP6-oJ_lLfv5qRmmYSdvQfCDq3U8o5N_b6LLJ5s-iAQ%23tblciGiAA_18Wklq0voMeGMo3s47KP6-oJ_lLfv5qRmmYSdvQfCDq3U8o5N_b6LLJ5s-iAQ&vi=1640525317565&p=taboolaaccount-sonoviatechgmailcom&r=91&lti=deflated&ppb=CPUD&cpb=EhIyMDIxMTIyNi04LVJFTEVBU0UYtdDz0QMgnP__________ASoZdXMudGFib29sYXN5bmRpY2F0aW9uLmNvbTIJd2F0ZXIxMTk4OIC6gJcCQJGkDkiw5Q9QpMvZA1j_A2MI7f__________ARDt__________8BGBNkYwjXFhDUHxgjZGMI3AoQoBAYFmRjCLQjEJAwGAdkYwjSAxDgBhgIZGMIlhQQlxwYGGRjCMgcEMInGBlkYwj3__________8BEPf__________wEYCWRjCPQUEJ4dGB9keAGAAfZXiAH___________8B&cta=true,INVALID
https://www.nyrb.com/account/register,INVALID
https://packetstormsecurity.com/account/register/,INVALID
https://www.homage.com/account/register,INVALID
https://www.hostinet.com/central/login/,INVALID
http://247manga.com,INVALID
https://www.warehousefashion.com/register,INVALID
http://tanss.it-risch.de,INVALID
https://www.brands4friends.de/registrierung,INVALID
https://mastodon.social/auth/sign_up,INVALID
http://wordsmith.social,INVALID
https://montereyinternationalpopfestival.com/account/register,INVALID
https://www.spikerot.com/login?create_account=1,INVALID
https://www.thelittlemarket.com/account/register,INVALID
https://cud55.com/register/,INVALID
https://scribe.mmonline.io/click?evt_nm=Clicked+Registration+Completion&evt_typ=clickEmail&app_id=m4marry&eml_sub=Registration+Successful&usr_did=4348702&cpg_sc=NA&cpg_md=email&cpg_nm=&cpg_cnt=&cpg_tm=NA&link_txt=Live+Chat&em_type=Notification&url=https://www.andohomes.com,INVALID
https://www.fmclassifieds.com/mobilesignin.php,INVALID
http://sabaeng.com/account/commentary.php,INVALID
https://vashgorod.ru/user/register,INVALID
https://www.imagehousing.com/signup,INVALID
https://hawaiitaxinstitutefoundation.configio.com/page/virtual-hti---hti-on-demand/sign-up,INVALID
https://int3.cc/account/register,INVALID
http://botsin.space,INVALID
https://cole-and-son.com/account/register,INVALID
http://zvuki.ru,INVALID
https://spearmintlove.com/account/register,INVALID
https://trc.taboola.com/tribunedigital-chicagotribune/log/3/click?pi=%2Fnews%2Fct-crime-in-chicago-20171114-storygallery.html&ri=c95947474911c1217cc43c8bfb318a61&sd=v2_b9bd9967f1707f51c99364af2aabe633_e2233bed-024a-4c63-9886-abbd94a60fb3-tuct8dffb83_1642493443_1642493443_CNawjgYQrco9GNz58-HmLyABKAEw4QE4kaQOQLDlD0iky9kDUP8DWABgAGi2rrXaquHCiIEBcAE&ui=e2233bed-024a-4c63-9886-abbd94a60fb3-tuct8dffb83&it=text&ii=~~V1~~4045399150944485095~~_3cFsNN-kIVrlLYZQcplrAq7S2tYlNVxz0HKRkUCV8DTxvAnL2wqac4MyzR7uD46gj3kUkbS3FhelBtnsiJV6MhkDZRZzzIqDobN6rWmCPA3hYz5D3PLat6nhIftiT1lwdxwdlxkeV_Mfb3eos_TQZ4a6mmx10IQsd2kfeJTLN3WfGxmbeJhJlm5_iMRJ6h-gc3tLNjI0zT0b9X2PLuxf4NeMgPnt6WgVIcY73_kRi6QORBXdC6GZ4lTM9bktvA0V0HOp-NjuOkTe1gUfc3IIPmDIhCreX2gYPy11UC2510fLEpgowoMhhjl6-YNTBEc&pt=text&li=rbox-t2v&sig=070338167303ab4a9a5a949bdc60bb87e4578565e420&redir=https%3A%2F%2Fsonoviastore.com%2Fblogs%2Fnews%2Fthe-best-face-mask-for-air-travel-in-2021%3Futm_source%3Dtaboola%26utm_medium%3Dreferral%26utm_campaign%3DTB_Blog_AirTravel_NonPremium_TCPA_US_PC%26tblci%3DGiCwje6h_E4QDFRNPXLZqHbb3frMe_9Q0DX2RuEtDGyNzSDq3U8oouDjurvH4Phd%23tblciGiCwje6h_E4QDFRNPXLZqHbb3frMe_9Q0DX2RuEtDGyNzSDq3U8oouDjurvH4Phd&vi=1642493443292&p=taboolaaccount-sonoviatechgmailcom&r=41&tvi2=4948&lti=deflated&ppb=CM8H&cpb=EhIyMDIyMDExNy0zLVJFTEVBU0UYrAcgnP__________ASoZdXMudGFib29sYXN5bmRpY2F0aW9uLmNvbTIJd2F0ZXIxMTc3OIDIxxpAkaQOSLDlD1Cky9kDWP8DYwj2GxDUJhgCZGMI1xYQ1R8YI2RjCNIDEOAGGAhkYwiWFBCZHBgYZGMI9AUQiwoYC2RjCPQUEJ4dGB9keAGAAfZXiAH___________8B&cta=true,INVALID
https://www.sleephealthfoundation.org.au/shop-for-brochures/affiliate/register.html,INVALID
http://artonporcelain.net/register,INVALID
https://oricashop.com/account/register,INVALID
https://draytek.co.uk/login?view=registration,INVALID
https://connect.detik.com/accounts/register?clientId=64&redirectUrl=https%3A%2F%2Fwww.detik.com%2F&ui=popup&parentURI=https://www.detik.com/,INVALID
https://d1collegehoops.com/register/,INVALID
https://connect.detik.com/accounts/register?clientId=21&redirectUrl=https%3A%2F%2Fsport.detik.com%2F&ui=popup&parentURI=https://sport.detik.com/,INVALID
https://procurement-forum.eu/sign-up?action_url=,INVALID
https://login.fc-union-berlin.de/Account/Register,INVALID
https://www.exportleftovers.com/account/register,INVALID
https://responsibleproducts.com/account/register,INVALID
https://www.nhs.uk/personalisation/login.aspx,INVALID
http://balticborn.com,INVALID
http://upskul.tech/student-registration/,INVALID
https://connect.detik.com/accounts/register?0%5BclientId%5D=63&0%5BredirectUrl%5D=https%3A%2F%2Fwolipop.detik.com%2F&ui=popup&parentURI=https://wolipop.detik.com/,INVALID
https://www.hushpuppies.com/US/en/register,INVALID
https://737efb.online/registration,INVALID
http://globaltenders.com,INVALID
https://www.nicolemiller.com/account/register,INVALID
https://www.mykitsch.com/account/register,INVALID
https://members.markknopfler.com/register,INVALID
https://visitindiana.com/adportal/Account/Register,INVALID
https://www.addictmiami.com/account/register,INVALID
https://app.honeypot.io/users/sign_up,INVALID
https://www.songstraducidas.com/register,INVALID
https://keilhub.com/account/register,INVALID
http://lifeandhome.com,INVALID
http://www.sbdunk.us/create_account.html,INVALID
https://www.nonktube.com/signup,INVALID
https://snowusd.com/register,INVALID
https://www.bureau-vallee.fr/customer/account/create/,INVALID
https://nudress.com/account/register,INVALID
https://www.giantessfan.com/register/,INVALID
https://pretavoir.us/account/login,INVALID
https://tickets.lansingcitypulse.com/users/sign_up?redirect=,INVALID
https://us.octobersveryown.com/account/register,INVALID
https://shkolaremonta.org/registration/,INVALID
http://ads.getlokalapp.com/accounts/signup/,INVALID
https://login.xtime.com/accterror/,INVALID
https://theoryandpractice.citizenscienceassociation.org/register,INVALID
https://ebookloge.com/register,INVALID
https://my.myfxchoice.com/registration?lang=en,INVALID
http://activejunky.com,INVALID
https://vitryna.pl/logowanie?create_account=1,INVALID
https://www.saris.com/Account/Register,INVALID
https://developers.mydevices.com/cayenne/signup/,INVALID
https://luz.vc/account/register,INVALID
https://staples-canada.myshopify.com/account/register,INVALID
https://account.tallyfy.com/register?last_touch_utm_source=tallyfy.com&last_touch_utm_medium=organic&last_touch_utm_campaign=tallyfy.com&last_touch_utm_content=get-started,INVALID
http://www.tecnomarasrl.com/index.php?option=com_user&view=register&lang=en,INVALID
https://www.totallyfurniture.com/customer/account/forgotpassword,INVALID
http://topchretien.com,INVALID
https://web.spin.pm/users/sign_up,INVALID
https://www.easycanvasprints.com/MyRegister.aspx,INVALID
http://kombi-nation.co.uk,INVALID
https://chat.k-ten.de/user/sign_up,INVALID
http://puyangpx.com/register.aspx?type=people,INVALID
https://connect.detik.com/accounts/register?clientId=10268&redirectUrl=https%3A%2F%2F20.detik.com%2F&ui=popup&parentURI=https://20.detik.com/,INVALID
http://thelawyersdaily.ca,INVALID
https://id-dcr.peugeot.com/account/create-account?culture=de-DE,INVALID
https://mytoolstown.com/../signup,INVALID
https://proyectoh2o.com/registrarse/,INVALID
https://hub.attendify.com/account/signup/,INVALID
https://fitpersona.com/my-account/,INVALID
https://startsomegood.com/signup,INVALID
http://bitcoinira.com,INVALID
http://dailylit.com,INVALID
https://incase.com/account/register,INVALID
https://www.viewpoint.ca/user/register,INVALID
https://trc.taboola.com/tribunedigital-chicagotribune/log/3/click?pi=%2Fsports&ri=acba7850163e6d480cfa39b2ca95d61c&sd=v2_bfe313ab4dd9dcec21d7f048878d50b7_902bd0e8-c3ef-40a2-860f-a43d0b2bf64d-tuct8dff8e2_1642492770_1642492770_CNawjgYQrco9GLHzyuHmLyABKAEw4QE4kaQOQLDlD0iky9kDUP8DWABgAGi2rrXaquHCiIEBcAE&ui=902bd0e8-c3ef-40a2-860f-a43d0b2bf64d-tuct8dff8e2&it=text&ii=~~V1~~4045399150944485095~~VK8mJ1JutslWf7MkYqoOfgq7S2tYlNVxz0HKRkUCV8DTxvAnL2wqac4MyzR7uD46gj3kUkbS3FhelBtnsiJV6MhkDZRZzzIqDobN6rWmCPA3hYz5D3PLat6nhIftiT1lwdxwdlxkeV_Mfb3eos_TQZ4a6mmx10IQsd2kfeJTLN1ez5hp1asUTqvRq5LaLE2RgbHDKKF7WpRjhiw8gOvUwoNeMgPnt6WgVIcY73_kRi6QORBXdC6GZ4lTM9bktvA0V0HOp-NjuOkTe1gUfc3IIPmDIhCreX2gYPy11UC2510fLEpgowoMhhjl6-YNTBEc&pt=category&li=rbox-c2v&sig=577694bd7898881310b4e0aac35fcf4e2a33b551736a&redir=https%3A%2F%2Fsonoviastore.com%2Fblogs%2Fnews%2Fthe-best-face-mask-for-air-travel-in-2021%3Futm_source%3Dtaboola%26utm_medium%3Dreferral%26utm_campaign%3DTB_Blog_AirTravel_NonPremium_TCPA_US_PC%26tblci%3DGiC6CcwzczspKRMt_QTfF5R4hyM8t0FQd15whkgfFjlI8CDq3U8ooq372eXv98w2%23tblciGiC6CcwzczspKRMt_QTfF5R4hyM8t0FQd15whkgfFjlI8CDq3U8ooq372eXv98w2&vi=1642492770737&p=taboolaaccount-sonoviatechgmailcom&r=12&lti=read-more-feed-click-delay-2_var&ppb=CDo&cpb=Ek4yMDIyMDExMS0xNl9iMS1ERVYtMTAzNDE0LXRlc3QtY2xpY2stZGVsYXktb24tcmVhZC1tb3JlLTItZTFmOTQ2ODdlYzEtU05BUFNIT1QYrAcgwr0WKhl1cy50YWJvb2xhc3luZGljYXRpb24uY29tMgh3YXRlcjE5NTiAyMcaQJGkDkiw5Q9QpMvZA1j_A2MI1xYQ1R8YI2RjCNz__________wEQ3P__________ARgkZGMI3AoQoBAYFmRjCJYUEJscGBhkYwjSAxDgBhgIZGMI9___________ARD3__________8BGAlkYwjeJhChNBgKZGMI4f__________ARDh__________8BGB9keAGAAfZXiAH___________8B&cta=true,INVALID
https://www.oldtimecandy.com/account/register,INVALID
http://www.lebron18.us/index.php?main_page=account_history,INVALID
https://www.msy.com.au/online/login%3Fcreate_account%3D1,INVALID
http://forwardemail.net,INVALID
https://www.gfore.com/account/register,INVALID
https://www.soludos.com/account/register,INVALID
http://karusel-tv.ru,INVALID
https://www.nikeshoes.cc/create_account.html,INVALID
http://nenasescort.cl,INVALID
https://www.beautifulhalo.com/index.php?main_page=account_edit,INVALID
http://mezun.mersin.edu.tr/register,INVALID
https://www.mymemory.com/customer/account/create,INVALID
https://catsinheart.store/account/register,INVALID
https://mastodon.partipirate.org/auth/sign_up,INVALID
http://mastodon.art,INVALID
https://miroshoparis.com/account/register,INVALID
http://fuckbookmobile.com,INVALID
http://jackpot.de,INVALID
https://club-irbis.ru/register.php,INVALID
http://zapvi.in,INVALID
https://edenprojects.org/register/,INVALID
https://www.lifx.com/account/register,INVALID
https://sormedan.com/register/,INVALID
https://studio.code.org/users/sign_up,INVALID
https://www.morrisonhotelgallery.com/account/default.aspx,INVALID
https://madmagz.com/register,INVALID
http://urbanethnics.com,INVALID
https://reviewsonmywebsite.com/signup/1500,INVALID
https://mirvokrugnas.com/registration/,INVALID
http://yaoitoon.com,INVALID
https://www.planeandpilotmag.com/sign-in/,INVALID
https://vdocuments.site/register.html,INVALID
https://1betobet.com/ar/sports?register=true&btag=cx_35591_461887,INVALID
https://supervisordirectory.com/wp-login.php?action=register,INVALID
https://afeera.net/register/,INVALID
https://athleticbrewing.com/account/register,INVALID
https://uxfol.io,INVALID
https://m.xsw.tw/wap_register.php,INVALID
https://my.bedandbreakfast.nl/registertowin,INVALID
http://www.adeat-onlus.org/index.php?option=com_users&view=registration&Itemid=139,INVALID
https://www.olaladirectory.com.au/account/register,INVALID
https://xoticpc.com/account/register,INVALID
http://launchesbyseed.com,INVALID
http://effettocasa.it/login/,INVALID
https://store.camerabits.com/signup,INVALID
https://ladyscorpio101.com/account/register,INVALID
https://evannex.com/account,INVALID
http://www.freerentalsite.com/home/register.asp,INVALID
http://site-analyzer.com,INVALID
https://jira.magnolia-cms.com/secure/Signup!default.jspa,INVALID
https://rxgreenthumb.com/index.php/pages/j-pages/registration,INVALID
http://soporte.mspbs.gov.py/account.php?do=create,INVALID
https://app.ipfind.com/auth/register,INVALID
https://proamerica360.com/register/,INVALID
https://utec.unilock.com/self_register.php,INVALID
https://surveys.nces.ed.gov/sabs/Account/Register.aspx?ReturnUrl=,INVALID
https://caspiannews.com/accounts/registration/,INVALID
https://www.petfinder.com/register/,INVALID
https://www.labels-tag.com/my-account/,INVALID
http://www.episodeworld.com/signup.php,INVALID
https://weownomyplatform.supportsystem.com/account.php?do=create,INVALID
http://ioc.exchange,INVALID
https://app.itsalive.io/register,INVALID
https://trc.taboola.com/cbslocaltv-denver/log/3/click?pi=%2F&ri=cdf49c034cb5a8edc9b74aacfc8eddf7&sd=v2_f208b269e18819181408fb636000ae5f_ba5504d0-6988-4ed3-8d3b-77d3f4435357-tuct8c03cd9_1640413017_1640413017_CIi3jgYQh7NBGLbo8IHfLyABKAEw4QE4kaQOQLDlD0iky9kDUP8DWABgAGiku_OBv62VkT5wAQ&ui=ba5504d0-6988-4ed3-8d3b-77d3f4435357-tuct8c03cd9&it=text&ii=~~V1~~-2398651290396398553~~gDHGSZyXeDORLcgBGf4FoQq7S2tYlNVxz0HKRkUCV8DTxvAnL2wqac4MyzR7uD46gj3kUkbS3FhelBtnsiJV6MhkDZRZzzIqDobN6rWmCPA3hYz5D3PLat6nhIftiT1lwdxwdlxkeV_Mfb3eos_TQZ4a6mmx10IQsd2kfeJTLN3WfGxmbeJhJlm5_iMRJ6h-G9Fl-FuFN0-q-XV71Y2OL99GRwzA1dHCXb9AsWk7VkiQORBXdC6GZ4lTM9bktvA0V0HOp-NjuOkTe1gUfc3IIPmDIhCreX2gYPy11UC2510fLEpgowoMhhjl6-YNTBEc&pt=home&li=rbox-h2v&sig=465aa82a8a2bc3c2972001695c03eac4ad83e7fe65b3&redir=https%3A%2F%2Fsonoviastore.com%2Fblogs%2Fnews%2Fthe-best-face-mask-for-air-travel-in-2021%3Futm_source%3Dtaboola%26utm_medium%3Dreferral%26utm_campaign%3DTB_Blog_AirTravel_NonPremium_TCPA_US_PC%26tblci%3DGiBIAvCHaYWgd9Yqjvu7HWltVdyGRZsPzj460jS-kQXl5iDq3U8olKTExZ-klKQo%23tblciGiBIAvCHaYWgd9Yqjvu7HWltVdyGRZsPzj460jS-kQXl5iDq3U8olKTExZ-klKQo&vi=1640413017142&p=taboolaaccount-sonoviatechgmailcom&r=44&lti=deflated&ppb=CMYF&cpb=EhIyMDIxMTIyMy02LVJFTEVBU0UYrY8eIJz__________wEqGXVzLnRhYm9vbGFzeW5kaWNhdGlvbi5jb20yCXdhdGVyMTIzMTiAircfQJGkDkiw5Q9QpMvZA1j_A2MI1xYQ1R8YI2RjCJYUEJscGBhkYwjSAxDgBhgIZGMI9BQQnh0YH2R4AYAB9leIAf___________wE&cta=true,INVALID
http://thesaucymilliner.com,INVALID
https://www.squarefoot.com.sg/component/users/?view=registration,INVALID
https://kala.planet.ee/index.php?route=affiliate/register,INVALID
http://weetracker.com,INVALID
https://soworthloving.com/account/register,INVALID
http://mas.to,INVALID
https://connect.detik.com/accounts/register?0%5BclientId%5D=44&0%5BredirectUrl%5D=https%3A%2F%2Foto.detik.com%2F&ui=popup&parentURI=https://oto.detik.com/,INVALID
https://historymed.ru/registration/,INVALID
https://obiskusstve.com/registration/,INVALID
https://shop.barmethod.com/account/login,INVALID
https://www.newair.com/account/register,INVALID
https://tweakers.net/my.tnet/login/?location=https://gathering.tweakers.net/,INVALID
https://vcloud.blueframetech.com/user/signup,INVALID
http://ouders.nl,INVALID
https://ceaseracism.com/account/register,INVALID
https://crimecity.cc/?page=register,INVALID
https://dronedirectshop.com/account/register,INVALID
http://healthtrader.com,INVALID
http://bangumi.tv/signup,INVALID
http://www.sketch-home.com/my-account/,INVALID
http://hhgregg.com,INVALID
https://www.nubeprint.com/web/signup,INVALID
https://microbeformulas.com/account,INVALID
http://praizegod.com/store/my-account/?ec_page=register,INVALID
https://8xlinks.info/register,INVALID
https://connect.detik.com/accounts/register?0%5BclientId%5D=5&0%5BredirectUrl%5D=https%3A%2F%2Finet.detik.com%2F&ui=popup&parentURI=https://inet.detik.com/,INVALID
https://baleomol.com//register/,INVALID
https://www.leemarpet.com/Member/Signup,INVALID
http://hoponhopofftours.com/en/joomla-pages-ii/user-registration.html,INVALID
https://crosstec.org/en/forums-home/free-user-registration2.html,INVALID
https://kontraband.shop/account/register,INVALID
http://mangakik.com,INVALID
https://www.marshmellomusic.com/account/register,INVALID
http://gigtown.com,INVALID
https://channelnomics.com/my-account/,INVALID
https://resurva.com/signup,INVALID
http://steroids-outlet.com,INVALID
https://soporte.tierradelfuego.gov.ar/account.php?do=create,INVALID
http://ekniga.org,INVALID
http://gosphero.com,INVALID
http://help.titanpad.com/signup,INVALID
https://www.cookiesbydesign.com/ngp_login.aspx,INVALID
https://www.doogee.cc/account/sign-up.html,INVALID
https://www.confetti.co.uk/cb-registration,INVALID
http://thecherie.com,INVALID
http://vogons.org,INVALID
https://www.tpstech.in/account/register,INVALID
https://turkishtowelcollection.com/account/register,INVALID
https://www.bridesire.com/index.php?main_page=account,INVALID
https://www.herringstonesboutique.com/account/register,INVALID
https://www.techulator.com/account/Register.aspx,INVALID
https://sothebysrealty.rezora.com/signup/,INVALID
https://www.rabbitsreviews.com/mystuff.aspx?tab=register,INVALID
https://www.meinplus.de/register,INVALID
https://trc.taboola.com/stroeer-sdpt-onlinehomepage/log/3/click?pi=%2F&ri=7e82ad04f528e2c52691d0ce9f07cec0&sd=v2_8825f3725cc0519b3453ebe104933590_7425999d-131f-4612-8c0d-9fb5c307e876-tuct8cb3a86_1641133318_1641133318_CIi3jgYQtMZBGK_FrNnhLyABKAEw4QE4kaQOQLDlD0iky9kDUP8DWAFgAGi2rrXaquHCiIEBcAA&ui=7425999d-131f-4612-8c0d-9fb5c307e876-tuct8cb3a86&it=text&ii=~~V1~~-61467238785767143~~4kgRzxxthYoDwZ9eximPhQq7S2tYlNVxz0HKRkUCV8DTxvAnL2wqac4MyzR7uD46gj3kUkbS3FhelBtnsiJV6MhkDZRZzzIqDobN6rWmCPA3hYz5D3PLat6nhIftiT1lwdxwdlxkeV_Mfb3eos_TQZ4a6mmx10IQsd2kfeJTLN1ez5hp1asUTqvRq5LaLE2Rj8Og5czi4Kn4R7_xZ_EGJd9GRwzA1dHCXb9AsWk7VkiQORBXdC6GZ4lTM9bktvA0V0HOp-NjuOkTe1gUfc3IIPmDIhCreX2gYPy11UC2512_0lCvPDhEvajjSlHkZg-e&pt=home&li=rbox-h2v&sig=68202b9c49bdfc128de7ef65ca179d428a9e2a914247&redir=https%3A%2F%2Fsonoviastore.com%2Fblogs%2Fnews%2Fthe-best-face-mask-for-air-travel-in-2021%3Futm_source%3Dtaboola%26utm_medium%3Dreferral%26utm_campaign%3DTB_Blog_AirTravel_NonPremium_TCPA_US_PC%26tblci%3DGiCpse34ARIMLSbJ_5ikCBgMW7SO8-GgQYj36WJMCelVsyDq3U8o5Yz229bUk-PUAQ%23tblciGiCpse34ARIMLSbJ_5ikCBgMW7SO8-GgQYj36WJMCelVsyDq3U8o5Yz229bUk-PUAQ&vi=1641133318831&p=taboolaaccount-sonoviatechgmailcom&r=54&lti=deflated&ppb=CNID&cpb=EhIyMDIxMTIzMC03LVJFTEVBU0UYgo8eIJz__________wEqGXVzLnRhYm9vbGFzeW5kaWNhdGlvbi5jb20yCXdhdGVyMTEyMzgAQJGkDkiw5Q9QpMvZA1j_A2MI3f__________ARDd__________8BGCNkYwi8FxDqIBgkZGMI3AoQ-xoYFmRjCJQhEIctGAdkYwjSAxDgBhgIZGMIlhQQnBwYGGRjCPQkEJEyGBlkYwj0FBCeHRgfZHIQAAAAAAAAAAAAAAAAAAAAAHgBgAH2V4gB____________AQ&cta=true,INVALID
https://keljob.com/espace-candidat/creation-de-compte?source=signupFromHome,INVALID
"http://www.bestofjoomla.com/component/option,com_registration/task,register/",INVALID
https://www.atmosusa.com/account/register,INVALID
https://portal.seedstars.com/accounts/register/,INVALID
https://www.bearlylegalhemp.com/account/register,INVALID
https://420on.cz/account/signup,INVALID
https://ehime-cycling.jp/Account/Signup?redirectUrl=https%3A%2F%2Fehime-cycling.jp%2F,INVALID
https://www.brydge.com/account/register,INVALID
https://ipublishcentral.deskpro.com/en/register,INVALID
https://keepup.com.au/signup,INVALID
https://www.manyavar.com/users/sign_up,INVALID
https://evolutionofsmooth.com/account/login,INVALID
https://studyroom.co.za/./register?to=,INVALID
https://www.atto.com/register/accountmanager,INVALID
https://www.psychobunny.com/account/register,INVALID
https://www.safesearchkids.com/create-account/,INVALID
https://www.iufro.org/nc/registration/,INVALID
https://www.forbes.com/?sh=103baea92254,INVALID
https://www.boiteachansons.net/fr/forum/index.php?action=register,INVALID
http://toot.wales,INVALID
https://kobelli.com/account/register,INVALID
https://www.shuttlefare.com/signup,INVALID
https://global.popmart.com/account,INVALID
https://shop.lundberg.com/account/register,INVALID
https://www.mykevo.com/registration,INVALID
https://shop.travelclub.es/customer/account/create/,INVALID
https://oliviapalermo.com/account,INVALID
https://ebookloge.com/register,INVALID
https://support.cocoatech.com/signup,INVALID
https://www.shopbraveboutique.com/account/register,INVALID
https://saddle-creek.com/account/register,INVALID
https://www.hastamuerte.com/account/register,INVALID
https://www.pavidas.com/it/user/login,INVALID
http://mangachill.com,INVALID
https://www.cpx-traffic.com/register/,INVALID
https://alternativetentacles.com/my-account/,INVALID
https://zeroscans.com/register,INVALID
http://xo1688.app,INVALID
http://slotxo24.vip,INVALID
http://slotxo24.live,INVALID
https://www.ihk-lehrstellenboerse.de/signup.html,INVALID
https://www.planetorganic.com/account/register,INVALID
https://www.gemrockauctions.com/bouncer/modal/login?intent=watch&redirect=auctions%2Flarvikite-cabochon-gemstone-100-natural-and-untreated-f30-107-1693937,INVALID
https://onevinewines.com/account/register,INVALID
https://lordjones.com/account,INVALID
https://abillionz.com/account/register,INVALID
https://www.kingdomcomerpg.com/qf/en/ramjet/registration/register,INVALID
https://obeyclothing.com/account/login,INVALID
https://www.nowaera.pl/?module=oauth&action=register,INVALID
https://kahi.in/user/register?move=register,INVALID
https://helencowart.com/account/register,INVALID
https://www.beargrylls.com/account/register,INVALID
https://www.searchallproperties.com/custom-landing/bsmyth/Event+Guide+Sign+Up+From+Post+Canmore-1031321,INVALID
http://smashbomb.com,INVALID
https://muddystilettos.co.uk/create-account/,INVALID
http://gpltop.com,INVALID
http://www.oly24.com/sweb2/register/signup,INVALID
https://www.charlottechesnais.fr/en/login?register=1,INVALID
http://nonexiste.net,INVALID
https://www.supercentenarians.org/User/RegisterNewUser,INVALID
https://welearn.ws/register,INVALID
https://www.psychologiemagazine.nl/registreren?redirect=/,INVALID
https://sats-kbh.dk?register=https://sats-kbh.dk/,INVALID
https://auth.11pets.com/register/?lang=en,INVALID
https://webstore.huge.co.jp/en/account/register,INVALID
https://formulazdorovya.com/registration/,INVALID
https://www.skyts.net/zb_system/cmd.php?act=login,INVALID
https://attenuatepro.com/account/register,INVALID
https://eportal.sec.gov.ng/register,INVALID
https://portal.ciob.org/Site-Access/Login?returnurl=/,INVALID
https://midlandusa.com/account/register,INVALID
https://www.yellowoctopus.com.au/account/register,INVALID
https://ferplast.com/account/register,INVALID
https://login.mysewnet.com/register?returnUrl=http%3A%2F%2Faccount.mysewnet.com,INVALID
https://www.tad.org/create-account/,INVALID
http://shapesstudionyc.com,INVALID
https://us.pez.com/account/register,INVALID
https://alfowzan.com/my-account/,INVALID
http://waispva.com,INVALID
https://vvw.wertkarte.aqua-dome.at/en/customer/account/create/,INVALID
https://www.myfree-tivi.com/signup,INVALID
https://orangecountychoppers.com/account/register,INVALID
http://blowie.nl,INVALID
https://www.weiqingbao.cc/zb_system/cmd.php?act=login,INVALID
http://computex.biz/sService_Reg_CheckAccount.aspx,INVALID
https://www.jianzxs.com/zb_system/login.php,INVALID
https://koparibeauty.com/account/register?login-rewards=true,INVALID
https://www.dotproperty.com.ph/signup,INVALID
https://aseeralkotb.com/register,INVALID
http://craftgawker.com,INVALID
https://home.everaccountable.com/userprofile/v4/register?landing_page=https%3A%2F%2Feveraccountable.com%2F&referrer=,INVALID
https://global.jheaps.com/account/register,INVALID
http://themeluxury.com,INVALID
https://perversas.cl/registrate,INVALID
http://thunnalkaran.com,INVALID
https://www.zishy.com/login,INVALID
http://bookow.com,INVALID
http://media.magtoapp.net/auth/register,INVALID
https://storyweaver.org.in/users/sign_up,INVALID
https://www.westcoastshaving.com/account/register,INVALID
https://www.simiglighting.fr/module-connexion?create_account=1,INVALID
https://uniserve.com/my-account/,INVALID
http://xoauto.app,INVALID
https://www.northridge4x4.com/./register,INVALID
https://auth.wexopay.com/registration,INVALID
https://www.mauricelacroix.com/us_en/customer/account/create/,INVALID
https://buytopcartridgesnow.com/my-account/,INVALID
https://partners.igaworks.com/Account/Register,INVALID
https://www.rmattress.com/account/register,INVALID
http://szyxflb.com,INVALID
https://mobiel.caiway.nl/caiwaydeals/login?create_account=1,INVALID
https://www.dxracer.com/account/register.html?redirect_url=index,INVALID
https://www.womenofthehall.org/shop/my-account/,INVALID
http://kurnoolclassifieds.com/user/register,INVALID
https://sidetrak.com/account/register,INVALID
https://spently.com/account/register,INVALID
https://mota.ru/user/login,INVALID
https://redcon1.com/account/register,INVALID
https://www.ihomeaudio.com/account/signup/,INVALID
http://mail.hostpoint.ch,INVALID
https://weisbigdata.fti.or.th/web/signup,INVALID
https://shop.alta.com/register,INVALID
http://immobilieninvestors.com,INVALID
https://www.documentarytube.com/register,INVALID
https://sayt.az/register,INVALID
http://freshlypicked.com,INVALID
https://crm.modeve.com.hk/?ng=client/register/,INVALID
http://yhelwah.net/public/register,INVALID
https://xlabel.ru/admin/registration,INVALID
https://www.biduoxs.com/register.php,INVALID
https://exchangetraffic.net/register,INVALID
http://giza.fas.harvard.edu/sign-up/,INVALID
https://suscripciones.semanariouniversidad.com/register/,INVALID
https://www.awfarlak.com/account/login,INVALID
https://store.britannica.com/account/register,INVALID
https://shop.bigelowtea.com/jzv/account/view?next=account,INVALID
https://www.rokform.com/account/register,INVALID
https://www.maxiaids.com/register,INVALID
https://naadam.co/account/register?form=register,INVALID
https://hub.fff.com.vn/signup,INVALID
https://www.lens-aid.de/affiliate-register/,INVALID
https://kindermusik.com/login/signup?r=%2F,INVALID
http://kuaishouyl.com/zb_system/cmd.php?act=login,INVALID
http://graduateland.com,INVALID
http://qallwdall.com,INVALID
https://www.coachaccountable.com/signUp,INVALID
https://tmx.com.co/account/register,INVALID
https://marketing.firstteam.com/register.asp,INVALID
https://sockstee.com/account/register,INVALID
https://ciate-london.myshopify.com/account/register,INVALID
https://bravomarket.online/auth/?register=yes,INVALID
http://vxcash.net,INVALID
https://www.lightroompresets.com/account/login,INVALID
http://aunstore.com,INVALID
https://h2hashes.com/en/register,INVALID
https://id.earenfroe.com/Account/Register?returnUrl=%2Fconnect%2Fauthorize%2Fcallback%3Fclient_id%3Demployeeportal%26redirect_uri%3Dhttps%253A%252F%252Femployee.earenfroe.com%252F%26response_type%3Dtoken%2520id_token%26scope%3Dopenid%2520profile%26state%3DOpenIdConnect.AuthenticationProperties%253D3pmiKE9BPajGZebpG_N99k8NVvO-iax_5nz-l9UUYDHVJX-Sqyez7FheWExN8TAKFmIpwBMjqi1tMBFDlAR7TZ6hRlJqWhZ0gW3EY4t_2qSCaJXXmflJ6PH18TKaYhFgQ1WBfecS8mBC_k5JO18GIfMlvM-XDgz9eR1EzA2nYieOFGDxC76hfbEvZLwZOzocBUseCR4a8kzH61cPXfMD9oEpfbk%26response_mode%3Dform_post%26nonce%3D637772231092382816.NjIxZWJlYTEtY2I5Ny00MTUxLTg3N2MtZDRlZGU1YTEzMjQ3NzJjYzgwOWYtNTEyMS00OThhLTk5OTAtY2FjNTgyNzAxNmI0%26x-client-SKU%3DID_NET461%26x-client-ver%3D5.6.0.0,INVALID
https://dupetitmouton.com/my-account/,INVALID
http://law.co.il,INVALID
https://www.tiketturindo.com/member/login,INVALID
https://plusonesmile.jp/account/register,INVALID
http://thecargonepal.com,INVALID
https://modernroboticsinc.com/my-account?redirect_to=/my-account,INVALID
https://twitter.com/i/flow/signup?lang=en,INVALID
https://elregalodelasemana.com/account/register,INVALID
http://chessify.me,INVALID
https://prtya.com/account/register,INVALID
https://www.foro3d.com/register.php,INVALID
https://hyperdenim.com/account/register,INVALID
https://www.firstlite.com/account/register,INVALID
http://skillnexus.org,INVALID
https://crautos.com/rmicrautos/register.cfm,INVALID
http://phallus.is,INVALID
https://southmoonunder.com/account/register,INVALID
https://psychedelicpress.co.uk/account/register,INVALID
https://participatenow.cheshirewestandchester.gov.uk/register,INVALID
https://app.crowdmark.com/sign-up,INVALID
https://media.adstrategyglobal.com/signup,INVALID
https://www.scuba.com/account/register,INVALID
https://www.elektor.com/customer/account/create/,INVALID
https://www.lawinsport.com/registration,INVALID
https://www.elcaminohealth.org/healthperks/sign-up,INVALID
https://www.opensource-socialnetwork.org/register,INVALID
https://support.screen9.com/account.php?do=create,INVALID
https://access.seotoolsbasket.com/signup,INVALID
https://fixyourownprinter.com/users/sign_up,INVALID
http://instantsolve.net/quiz/signup/,INVALID
http://alhakim.net,INVALID
https://www.dii123.com/zb_system/login.php,INVALID
http://getvela.com,INVALID
https://www.bitte-teste-dich.de/register,INVALID
https://hypel.ink/users/sign_up,INVALID
https://projectworlds.in/my-account/,INVALID
http://squibler.io,INVALID
https://programmers.co.kr/users/signup,INVALID
http://flowertushbeauty.co.uk,INVALID
https://leeprecision.com/register.php,INVALID
https://www.serie-noire.com/en/login?create_account=1,INVALID
http://limelight.pk,INVALID
https://portal-preprod.iraiser.eu/web/signup?redirect=%2Fdocs%2F%3Cknowsystem_redirect%3E%7B%7D,INVALID
https://basefashion.co.uk/customer/account/create/,INVALID
https://app.forestry.io/signup,INVALID
https://www.toynk.com/account/register,INVALID
http://ghostlifestyle.com,INVALID
https://readcereal.com/my-account,INVALID
http://www.vumedi.com,INVALID
http://marijuanapackaging.com,INVALID
http://sugoimart.com,INVALID
http://kallisprep.com,INVALID
http://rangertienda.com,INVALID
https://delivery.farmersfridge.com/account/register,INVALID
https://aphroditeporntube.com/signup,INVALID
https://connect.detik.com/accounts/register/option/?redirectUrl=https%3A%2F%2Fwww.cnnindonesia.com%2Fauthorize%3Fu%3Dhttps%253A%252F%252Fwww.cnnindonesia.com%252F&clientId=10027,INVALID
https://ojs.jpma.org.pk/index.php/public_html/user/register?source=,INVALID
http://1teamsoftware.com,INVALID
https://www.supplyme.com/account/register,INVALID
https://trc.taboola.com/inquirernet-inquirernet/log/3/click?pi=%2F&ri=c7dd4b40480b131cefc582e00c90cec5&sd=v2_1b43112fd01d67280073b4b2021aff52_b9469e32-76f7-4969-b7c4-89a3642406bd-tuct8beffad_1640331821_1640331821_CNawjgYQ84tRGNqBldveLyABKAEw4QE4kaQOQLDlD0iky9kDUP8DWABgAGiku_OBv62VkT5wAQ&ui=b9469e32-76f7-4969-b7c4-89a3642406bd-tuct8beffad&it=text&ii=~~V1~~-61467238785767143~~GesWqBJtq0ecBQi1BoczZgq7S2tYlNVxz0HKRkUCV8DTxvAnL2wqac4MyzR7uD46gj3kUkbS3FhelBtnsiJV6MhkDZRZzzIqDobN6rWmCPA3hYz5D3PLat6nhIftiT1lwdxwdlxkeV_Mfb3eos_TQZ4a6mmx10IQsd2kfeJTLN3WfGxmbeJhJlm5_iMRJ6h-dWLo4ibwUJhXttyFZ_93VN9GRwzA1dHCXb9AsWk7VkiQORBXdC6GZ4lTM9bktvA0V0HOp-NjuOkTe1gUfc3IIPmDIhCreX2gYPy11UC2510fLEpgowoMhhjl6-YNTBEc&pt=category&li=rbox-c2v&sig=e743b8f2b5fb85e3670d07b50bf07ae3fae68707f3e8&redir=https%3A%2F%2Fsonoviastore.com%2Fblogs%2Fnews%2Fthe-best-face-mask-for-air-travel-in-2021%3Futm_source%3Dtaboola%26utm_medium%3Dreferral%26utm_campaign%3DTB_Blog_AirTravel_NonPremium_TCPA_US_PC%26tblci%3DGiCd05fGjbyqssqYbbt29Us8Rw1SbaK9ryOQmbSMC5qdFyDq3U8o7vu31_CZj78F%23tblciGiCd05fGjbyqssqYbbt29Us8Rw1SbaK9ryOQmbSMC5qdFyDq3U8o7vu31_CZj78F&vi=1640331821274&p=taboolaaccount-sonoviatechgmailcom&r=27&tvi2=-2&lti=deflated&ppb=CB4&cpb=EhIyMDIxMTIyMy02LVJFTEVBU0UYzrrb0wYgACoZdXMudGFib29sYXN5bmRpY2F0aW9uLmNvbTIJd2F0ZXIxMjU4OICKtx9AkaQOSLDlD1Cky9kDWP8DYwj4FRDUKhgiZGMI_v__________ARD-__________8BGAJkYwjXFhDVHxgjZGMI3iAQvSwYJGRjCPn__________wEQ-f__________ARgHZGMI0gMQ4AYYCGRjCJYUEJscGBhkYwjLGBCkIhgJZGMI9BQQnh0YH2R4AYAB9leIAf___________wE&cta=true,INVALID
http://bestkbeauty.com,INVALID
https://www.whatisblik.com/account/register,INVALID
http://fenixgolf.co.uk,INVALID
http://relojesdemayoreo.com,INVALID
https://www.logilab.org/register,INVALID
https://www.rattiboutique.com/auth,INVALID
https://fishseddy.com/account/register,INVALID
https://internacional.camaramadrid.es/web/signup,INVALID
http://quabsas.com.ar,INVALID
https://app.labourless.co.uk/signup,INVALID
https://cybereditions.com/account/register,INVALID
https://shop.ghostwhalelondon.com/account/register,INVALID
https://wfxs.com.tw/register/,INVALID
https://www.lostgolfballs.com/customer/account/create/,INVALID
http://thinkgoodness.com,INVALID
https://avasglo.com/shop/register,INVALID
http://gra4.com/my-account/,INVALID
https://23sandy.com/account/register,INVALID
https://gledalica.online/account/?action=sign-in,INVALID
https://vikufurniture.co.id/my-account/,INVALID
https://www.osmose-stores.com/account/register,INVALID
https://e3d-online.com/account/register,INVALID
https://multimediakingdom.com.bd/my-account,INVALID
https://portal360.balboacapital.com/sign-up.php,INVALID
https://www.crunchybridge.com/signup,INVALID
https://www.sigvaris.com/en-us/Store/registration-page,INVALID
https://shop.heavyweightrecords.com/users/sign_up,INVALID
https://connect.detik.com/accounts/register?clientId=64&redirectUrl=https%3A%2F%2Fwww.detik.com%2F&ui=popup&parentURI=https://www.detik.com/,INVALID
http://linuxrocks.online,INVALID
https://wowservices.info/index.php?page=register&action=register,INVALID
https://tcpglobal.com/account/register,INVALID
http://mail.samouraiwallet.com/register,INVALID
https://www.yesinsights.com/users/sign_up?plan=essential,INVALID
http://www.aracneeditrice.it/index.php/component/users/?view=registration,INVALID
http://www.mylegalpapers.com/my-account/,INVALID
https://thefileslocker.com/register.html,INVALID
https://www.goldenrama.com/user/register,INVALID
https://pro.rubyguides.com/users/sign_up,INVALID
https://us.chinesemenu.com/account/register-us.htm,INVALID
https://www.zacuto.com/account/register,INVALID
https://www.cuttingedgestencils.com/customer/account/create/,INVALID
https://www.rent.ie/my-daft/?register[u]=1,INVALID
https://magrudy.com/accounts/register/,INVALID
https://salaishop.com/account/register,INVALID
https://www.property.ie/my-daft/%3Fregister%5Bu%5D%3D1,INVALID
https://umzfood.com/my-account-ar/,INVALID
https://www.envirosafetyproducts.com/customer/account/create/,INVALID
http://palaisdesthes.com,INVALID
http://ayushcare.in,INVALID
https://hiutdenim.co.uk/account/register,INVALID
https://www.20buckspin.com/account/register,INVALID
https://puffingbird.com/account/register,INVALID
http://webbpages.com.my,INVALID
https://www.crom2-17.wbs.uni.worc.ac.uk/signUp.php,INVALID
https://shop.sujajuice.com/account/register,INVALID
https://www.prdb.pk/front/register,INVALID
https://v1-auth.tvplayer-cdn.com/register?cc=US&lang=en&redirectUri=https%3A%2F%2Ftvplayer.com%2Fus%2Flogin&region=US&responseType=redirect,INVALID
https://manhwa18.com/register,INVALID
https://www.anchorusd.com/login,INVALID
http://familyplaces.com/register.php,INVALID
https://www.oreegano.com/users/register,INVALID
https://jagel.id/register,INVALID
http://homepage-baukasten.de,INVALID
https://belcampo.com/account/register,INVALID
https://www.aetherapparel.com/account/register,INVALID
https://njal.la/signup/,INVALID
https://www.deadbeathomeowner.com/community/?foro=signup&redirect_to=https%3A%2F%2Fwww.deadbeathomeowner.com%2Fcommunity,INVALID
https://www.accountantsdaily.com.au/login?view=registration,INVALID
https://clientes.locucionar.com/registrarse.php,INVALID
https://www.peachysunday.com/account/register,INVALID
https://www.ledwatchstop.com/store/create_account.php,INVALID
http://www.paywithapost.de/users/sign_in,INVALID
https://metathreads.com/account/register,INVALID
https://affilo.io/signup/social-media-calendar/MzY2NC4zMTQ2c29jaWFsLW1lZGlhLWNhbGVuZGFyLlQ,INVALID
https://speakerhub.com/sign-up,INVALID
https://dashboard.configwise.io/register,INVALID
http://livingauberean.com/index.php/cb-registration,INVALID
https://udisc.com/sign-up,INVALID
http://teknik.io,INVALID
https://www.montrealenlumiere.com/Identity/Account/Register?returnUrl=%2F,INVALID
https://www.jameshardenshoes.com.co/index.php?main_page=create_account,INVALID
https://thefoodhouse.co.uk/my-account/,INVALID
https://cakemastersmagazine.com/my-account/,INVALID
https://jackthreads.com/account/register,INVALID
https://solidstarts.com/account/register,INVALID
http://www.scanlife.com/mobile/signup.php,INVALID
http://ofoms48.ru/users/registrate/,INVALID
https://wallmantra.com/account/register,INVALID
https://bakedin.co.uk/account/register,INVALID
https://plans.idfy.com/users/sign_up,INVALID
http://speedtree.com,INVALID
http://www.gamdey.com/create-account.html,INVALID
https://www.coca-colaentuhogar.com/customer/account/forgotpassword/,INVALID
https://farm.bot/account/register,INVALID
https://shop.bbc.com/account/register,INVALID
http://hometrustbanking.com,INVALID
https://www.katchme.com/account/register,INVALID
https://www.coastfashion.com/register,INVALID
https://covicdb-staging.lji.org/register/,INVALID
https://academy.spocket.co/users/sign_up,INVALID
https://countysales.com/account/register,INVALID
https://tokenbank.co.kr/accounts/signup/,INVALID
https://www.hukgear.com/account/login,INVALID
https://prettydarncute.com/my-account/,INVALID
https://doska-nikoleon.com/user/register,INVALID
https://wework.co.in/user/register,INVALID
https://app.otimais.com/site/register?plan_identifier=mensal,INVALID
https://www.coverfx.com/account/register,INVALID
https://soat.lapositiva.com.pe/Account/Register,INVALID
https://www.scullyandscully.com/shop.axd/MyAccount,INVALID
https://www.gokeyless.com/account/,INVALID
https://www.klorane.com/uk-en/user/register,INVALID
https://www.theimperialexpress.co.uk/signup,INVALID
http://www.natallco.com/sweb2/register/signup,INVALID
https://futurederm.com/account/register,INVALID
https://www.notgoingtouni.co.uk/user/register,INVALID
http://manhuaes.com,INVALID
https://www.automobil-produktion.de/registrierung.html,INVALID
https://www.devon-cornwall.police.uk/News/NewsRegistration.aspx,INVALID
https://www.armsunlimited.com/AccountSettings.asp?AddNewCustomer=Y&ReturnTo=,INVALID
http://pizzabigsmile.it-label.net/register,INVALID
https://wwws.betterment.com/invested/app/signup/?advisor_token=uSVx0rt7iK8&invitation_token=5ed8307c-f255-4262-a43b-d9ab5adbdda8,INVALID
https://www.entrancei.com/users/register,INVALID
https://tinhocngoisao.com/my-account,INVALID
http://reddit.com,INVALID
https://www.mavebeauty.com/account/register,INVALID
https://www.ABReporting.com/login.aspx?uid=155042&htmlfile=registration.html,INVALID
https://txdxe.com/account/register,INVALID
https://lifeovercsstore.com/account/register,INVALID
http://e-cluny.cz/registrace,INVALID
https://mellimovi.xyz/account-register/,INVALID
https://www.celtic-manor.com/register,INVALID
http://www.bolvino.it/joomla-pages-ii/user-registration.html,INVALID
https://www.apmmusic.com/apm-academy?nleloc=create-account&sess_id=khqfbmt89v7sng8kp5kp6j6bg7,INVALID
https://simple-affiliate.com/account/register,INVALID
https://citysidesports.com/user-registration,INVALID
https://eternalclear.com/account/register,INVALID
http://www.patrimoniocultural.gov.pt/en/accounts/register/,INVALID
https://www.fastorslow.com/app/register,INVALID
http://mapleads.is-great.net/user/register,INVALID
https://sewingillustration.com/account/register,INVALID
http://nakedcashmere.com,INVALID
https://ihatetomatoes.net/account/register/,INVALID
https://primeuploads.com/register,INVALID
https://libribook.com/Account/Register,INVALID
http://wpxpo.com,INVALID
https://www.stockgumshoe.com/premium/signup,INVALID
http://growace.com,INVALID
https://www.coisas.com/createaccount.php,INVALID
https://www.pompengids.net/index/account,INVALID
https://bookings.airportshuttles.com/signup,INVALID
https://www.geizkragen.de/registration,INVALID
https://www.plushbeds.com/account,INVALID
https://www.toolsplus.com/customer/account/create/,INVALID
https://ccm.q-cells.com/registration.html,INVALID
https://tokomori.com/register/,INVALID
https://cartervintage.com/account/register,INVALID
https://community.beck.de/2022/01/04/neues-deutsches-lobbyregister-auf-kollision-mit-dem-anwaltsgeheimnis,INVALID
http://reach.at,INVALID
https://www.shopatdean.com/account/register,INVALID
http://www.yueloge.com/create-account.html,INVALID
https://www.thenaturalcavy.com/my-account-2/,INVALID
https://hosting.habari.co.tz/register.php?language=chinese,INVALID
https://ahmadnaser.com/my-account/,INVALID
https://academy.zenva.com/wp-login.php?action=register,INVALID
https://mastodon.iriseden.eu/auth/sign_up,INVALID
https://www.bartonwatchbands.com/account/register,INVALID
https://aqua-aquapress.com/my-account/lost-password/,INVALID
https://www.howzzthat.com/account/register,INVALID
https://www.lakanto.com/account/register,INVALID
https://www.journal.csj.jp/action/showLogin?uri=%2F,INVALID
https://9ijakids.com/user-account/?action=eb_register,INVALID
https://www.offloads.com/register/,INVALID
http://ronherman.com,INVALID
https://www.themedetect.com/Profile/Key?cmd=RegisterForm,INVALID
http://goldenconcept.com,INVALID
https://www.sozcukcevir.com/en/Account/Register,INVALID
https://surfingwalkoffame.com/my-account/,INVALID
https://philosophyofgaming.com/component/users/?view=registration&Itemid=101,INVALID
https://www.moirabeauty.com/account/register,INVALID
https://exportv.ru/auth/register,INVALID
https://www.westpaw.com/account/register,INVALID
https://www.kotidiano.es/account/register,INVALID
https://vendetuarma.com/register/,INVALID
https://www.hartsofstur.com/customer/account/forgotpassword/,INVALID
https://www.add.ua/customer/account/create/,INVALID
https://www.heliguy.com/account/register,INVALID
https://www.trauer.de/Account/Registrieren,INVALID
https://www.dropzone.com/register/,INVALID
http://evolucaosic.com.br,INVALID
https://ebusiness.nacds.org/SSOPPro/Register.aspx?vi=9&vt=,INVALID
https://hirbawi.net/account/register,INVALID
https://ep2021.europython.eu/accounts/signup/?next=,INVALID
https://secure2.hamiltontn.gov/CClerk/Marriage_License/Login/Register,INVALID
http://hesabit.com,INVALID
https://otmnft.com/accounts/signup/?next=%2Fherzigbot%2F,INVALID
http://ecraftindia.com,INVALID
https://unchartedsupplyco.com/account/register,INVALID
https://dynamicdimensionsdesign.com/account/login,INVALID
https://www.andaseat.com/register,INVALID
https://www.iroids.com/index.php?route=account/register,INVALID
http://metooo.com,INVALID
https://limoapp.co/register,INVALID
https://payments.yavapai.us/egov/apps/payment/center.egov?view=register,INVALID
https://app.resemble.ai/users/sign_up,INVALID
https://www.netflix.shop/account,INVALID
https://www.askoli.net/en/user/register,INVALID
https://goldesel.sx/register,INVALID
https://vseslav-donbass.com/registration/do.5/,INVALID
https://shop.fradi.hu/customer/account/create,INVALID
http://gres-sassuolo.it,INVALID
https://stanislavamihova.com/my-account/,INVALID
http://horizonbank.com,INVALID
https://solutionscenter.nethope.org/account/register,INVALID
https://florencebymills.com/account/register,INVALID
https://planomolding.com/account/register,INVALID
https://www.madetrade.com/account/register,INVALID
http://bebeyou.es,INVALID
http://www.cypherxero.net/sweb2/register/signup,INVALID
https://www.nikeair-max270.us/index.php?main_page=create_account,INVALID
http://www.smelleey.com/create-account.html,INVALID
https://dayofdubai.com/user/register,INVALID
https://www.goodcharlotte.com/account,INVALID
https://buytheblock.com/register,INVALID
https://www.foodformzansi.co.za/register-account/,INVALID
https://www.dshop.com.au/_myacct/login,INVALID
https://www.procook.co.uk/account/index/register,INVALID
http://szabolcsipeter.com/?registration,INVALID
https://notarycentralusa.com/my-account/?register,INVALID
http://plantasadomicilio.mx,INVALID
http://qzcv.cn/signup.aspx,INVALID
http://petfon.com,INVALID
https://www.antisocialsocialclub.com/account/register,INVALID
https://beautifulladders.com/account/register,INVALID
https://shop.trudog.com/account/register,INVALID
https://www.socialmedia.biz/sign-up/,INVALID
https://calciumsupreme.com/account/register,INVALID
https://meaningfultreasures.com/account/register,INVALID
https://www.jagtapnursery.shop/account/register,INVALID
https://trc.taboola.com/hearstlocalnews-chron/log/3/click?pi=%2Flavoz&ri=463934a510c0411a8cd6e0bd2e3463f3&sd=v2_4063afb81707529fb9e5e461e6ab0c95_005b6382-0509-48af-8862-557c8534ea1a-tuct8c1e021_1640520353_1640520353_CNawjgYQuJxEGKyMiLXfLyABKAEw4QE4kaQOQLDlD0iky9kDUP8DWABgAGi2rrXaquHCiIEBcAE&ui=005b6382-0509-48af-8862-557c8534ea1a-tuct8c1e021&it=text&ii=~~V1~~-61467238785767143~~s2zSVKgGEQiaclum5pqmzQq7S2tYlNVxz0HKRkUCV8DTxvAnL2wqac4MyzR7uD46gj3kUkbS3FhelBtnsiJV6MhkDZRZzzIqDobN6rWmCPA3hYz5D3PLat6nhIftiT1lwdxwdlxkeV_Mfb3eos_TQZ4a6mmx10IQsd2kfeJTLN2pzF843hGWVGB5EqMTASFB1gN3TPNUGXqEUTugx-mUB99GRwzA1dHCXb9AsWk7VkiQORBXdC6GZ4lTM9bktvA0V0HOp-NjuOkTe1gUfc3IIPmDIhCreX2gYPy11UC2511DnsX7JCZxNwxmKvFvYr9e&pt=category&li=rbox-c2m&sig=a3f11bda1a7419b3efac3146a29c3a7cf0f836450b86&redir=https%3A%2F%2Fsonoviastore.com%2Fblogs%2Fnews%2Fthe-best-face-mask-for-air-travel-in-2021%3Futm_source%3Dtaboola%26utm_medium%3Dreferral%26utm_campaign%3DTB_Blog_AirTravel_NonPremium_TCPA_US_PC%26tblci%3DGiA2YEEVWhkdRubC9rAHgZ3nV7spkUMxxHH7TPHhsGyjqiDq3U8owcqEm_H_rvY3%23tblciGiA2YEEVWhkdRubC9rAHgZ3nV7spkUMxxHH7TPHhsGyjqiDq3U8owcqEm_H_rvY3&vi=1640520353324&p=taboolaaccount-sonoviatechgmailcom&r=65&lti=connect-video-trc-5_ctrl&ppb=CMUB&cpb=EhIyMDIxMTIyMS0zLVJFTEVBU0UYj9nvDSCc__________8BKhl1cy50YWJvb2xhc3luZGljYXRpb24uY29tMgl3YXRlcjExNzc4gJDgsgNAkaQOSLDlD1Cky9kDWP8DYwjXFhDVHxgjZGMI3P__________ARDc__________8BGCRkYwjSAxDgBhgIZGMIlhQQmRwYGGRjCOf__________wEQ5___________ARgZZGMI7wMQiwcYCWRjCPAlEJ8zGApkYwj1__________8BEPX__________wEYC2RjCPQUEJ4dGB9keAGAAfZXiAH___________8B&cta=true,INVALID
http://frameshoponline.com.au,INVALID
http://pssl.com,INVALID
https://www.nike-airmax98.us/create_account.html,INVALID
https://account.imd.org/register?gotourl=https%3A%2F%2Fmyimd.imd.org%2FMyIMD,INVALID
http://mahadjobs.com,INVALID
https://beyondphilosophy.com/profile/login/,INVALID
https://www.festisite.com/accounts/signup/,INVALID
http://kanjiantu.com/signup,INVALID
https://account.heartrails.com/ja/session/new,INVALID
http://coinboom.net,INVALID
https://kkwfragrance.com/account,INVALID
http://www.hesgoal.tv/account/?action=sign-in,INVALID
https://app.incrediblehealth.com/users/sign_up/mental_health,No data
http://rails-bg.com/login.php,No data
https://www.pandoranecklaces.us/create_account.html,No data
http://dietbet.com,No data
https://cryptozoic.com/account/register,"{""isLogin"":true,""isSignup"":false,""sendMessage"":true}"
https://red-demo.exalate.net/secure/Signup!default.jspa,No data
https://gorilla-jungle.com/account/register,No data
https://terrainmuebles.net/index.php/login?view=registration,No data
https://bpicc.cc/signup,No data
https://www.fjallravenbackpack.us/index.php?main_page=create_account,No data
https://aem-elektron.az/create-account/,No data
https://www.nic.cr/registro/,No data
https://www.roulot.es/index.php?route=account/register,No data
https://www.nike-runningshoes.us/create_account.html,No data
https://www.inikaorganic.com/account/register,"{""isLogin"":true,""isSignup"":false,""sendMessage"":true}"
http://bookgorilla.com,No data
http://bankofcolorado.com,No data
