Website,Status,JSON Filename
https://2minutetabletop.com/my-account/,FALSE,2minutetabletop.com_cleaned.json
https://www.goldeagle.com/my-account/,FALSE,303products.com_cleaned.json
https://www.304clothing.com/account/register,FALSE,304clothing.com_cleaned.json
https://3sootsport.com/my-account/,FALSE,3sootsport.com_cleaned.json
https://50gram.com.my/my-account/,FALSE,50gram.com.my_cleaned.json
https://djneilarmstrong.com/account/?ec_page=register,FALSE,5thplatoon.com_cleaned.json
https://www.7point62design.com/account/login,FALSE,7point62design.com_cleaned.json
https://a11yenabler.hikeorders.com/user/register,FALSE,a11yenabler.hikeorders.com_cleaned.json
https://a2asimulations.com/my-account/,FALSE,a2asimulations.com_cleaned.json
https://www.abagroundcare.co.uk/my-account/,FALSE,abagroundcare.co.uk_cleaned.json
http://abbyjprod.wpengine.com/my-account/orders/,FALSE,abbyj.com_cleaned.json
https://www.abey.com.au/my-account/,FALSE,abey.com.au_cleaned.json
https://www.academic-leader.com/login/,FALSE,academic-leader.com_cleaned.json
https://accepta.com/my-account/,FALSE,accepta.com_cleaned.json
https://www.accordiespartiti.it/account/,FALSE,accordiespartiti.it_cleaned.json
https://www.acgdigitalmarketing.com/my-account/,FALSE,acgdigitalmarketing.com_cleaned.json
https://www.acharr.com/my-account/,FALSE,acharr.com_cleaned.json
https://acquirersmultiple.com/login/,FALSE,acquirersmultiple.com_cleaned.json
https://activetransreg.org/event/95/individual/registration,FALSE,activetransreg.org_cleaned.json
https://www.adamturman.com/account/login,FALSE,adamturman.com_cleaned.json
https://addisonzegan.com/account/login,FALSE,addisonzegan.com_cleaned.json
https://addvertising.org/users/sign_in,FALSE,addvertising.org_cleaned.json
https://adfontesmedia.com/my-account/teams/,FALSE,adfontesmedia.com_cleaned.json
https://adireaudio.com/my-account/,FALSE,adireaudio.com_cleaned.json
https://shop.adlice.com/my-account/,FALSE,adlice.com_cleaned.json
https://www.adoptapet.com/account/login/as_publicist,FALSE,adoptapet.com_cleaned.json
https://adrianemiller.com/my-account/,FALSE,adrianemiller.com_cleaned.json
https://adventurehouse.com/shop/my-account/,FALSE,adventurehouse.com_cleaned.json
https://www.affiliatly.com/login.html,FALSE,affiliatly.com_cleaned.json
https://afrafile.com/login,FALSE,afrafile.com_cleaned.json
https://afromall.biz/my-account/,FALSE,afromall.biz_cleaned.json
https://agemed.org/my-account/,FALSE,agemed.org_cleaned.json
https://agentlefeast.com/my-account/,FALSE,agentlefeast.com_cleaned.json
https://aimerworld.com/members/register/,FALSE,aimerworld.com_cleaned.json
https://www.akuryprodukte.de/mein-konto/edit-account/,FALSE,akuryprodukte.de_cleaned.json
https://www.aldogibilaro.com/en/login?create_account=1,FALSE,aldogibilaro.com_cleaned.json
https://www.alfaandfriends.com/my-account/,FALSE,alfaandfriends.com_cleaned.json
https://alice.com/account/login,FALSE,alice.com_cleaned.json
https://www.alldaygeneric.com/my-account/,FALSE,alldaygeneric.com_cleaned.json
https://registration.allegromicro.com/login,FALSE,allegromicro.com_cleaned.json
https://allsafe.net/my-account/,FALSE,allsafe.net_cleaned.json
https://allthingstennis.co.uk/account/login,FALSE,allthingstennis.co.uk_cleaned.json
https://almabooks.com/my-account/,FALSE,almabooks.com_cleaned.json
https://alpha6corporation.com/my-account/,FALSE,alpha6corporation.com_cleaned.json
https://alsishop.com/my-account-2/,FALSE,alsishop.com_cleaned.json
https://www.alterecofoods.com/account/login,FALSE,alterecofoods.com_cleaned.json
https://www.altoprofessional.com/my-account/register,FALSE,altoprofessional.com_cleaned.json
https://aluthjobs.com/my-account-2/,FALSE,aluthjobs.com_cleaned.json
https://www.americancinematheque.com/my-account/,FALSE,americancinematheque.com_cleaned.json
https://americanprimrosesociety.org/members-only/my-account/,FALSE,americanprimrosesociety.org_cleaned.json
https://amigosinternational.org/login,FALSE,amigosinternational.org_cleaned.json
https://www.anatomytrains.com/my-account/,FALSE,anatomytrains.com_cleaned.json
https://esp.anderinger.com/PortalLogin.aspx,FALSE,anderinger.com_cleaned.json
https://ka-blogs.com/login,FALSE,andreyywtq.ka-blogs.com_cleaned.json
https://anewearthmovement.org/my-account/edit-address/,FALSE,anewearthmovement.org_cleaned.json
https://angelaadams.com/my-account/,FALSE,angelaadams.com_cleaned.json
https://www.animal.co.uk/account/register,FALSE,animal.co.uk_cleaned.json
https://annsandra.com/account/login,FALSE,annsandra.com_cleaned.json
https://anuevajewelry.com/account/login,FALSE,anuevajewelry.com_cleaned.json
https://www.aopa.org/login,FALSE,aopa.org_cleaned.json
https://aplust.net/login/,FALSE,aplust.net_cleaned.json
https://www.lovelogo.com/login.php,FALSE,applicant.com_cleaned.json
https://ar15discounts.com/my-account/,FALSE,ar15discounts.com_cleaned.json
https://arangweb.com/my-account/downloads/,FALSE,arangweb.com_cleaned.json
https://arayeshyab.com/my-account/,FALSE,arayeshyab.com_cleaned.json
https://www.arcanewonders.com/my-account/,FALSE,arcanewonders.com_cleaned.json
https://www.archaeologysouthwest.org/my-account/,FALSE,archaeologysouthwest.org_cleaned.json
https://www.arkonoffroad.com/my-account,FALSE,arkonoffroad.com_cleaned.json
https://www.aromaco.com/my-account/,FALSE,aromaco.com_cleaned.json
https://www.artayaloka.com/account/login,FALSE,artayaloka.com_cleaned.json
https://artfulteasing.co.uk/account/login,FALSE,artfulteasing.co.uk_cleaned.json
http://arthapedia.in/index.php?title=Special:UserLogin&returnto=Home_Page,FALSE,arthapedia.in_cleaned.json
https://articlesblogger.com/login?redirect=,FALSE,articlesblogger.com_cleaned.json
https://www.artistshare.com/account/LogOn,FALSE,artistshare.com_cleaned.json
https://artsandcraftspress.com/account/login,FALSE,artsandcraftspress.com_cleaned.json
https://www.arvo.org/login?returnurl=https://www.arvo.org/,FALSE,arvo.org_cleaned.json
https://arwebo.com/login?redirect=,FALSE,arwebo.com_cleaned.json
https://ineliabenz.com/my-account/,FALSE,ascension101.com_cleaned.json
https://ashandchess.com/account/login,FALSE,ashandchess.com_cleaned.json
https://askleo.com/my-account/,FALSE,ask-leo.com_cleaned.json
https://aspirantszone.com/my-account/,FALSE,aspirantszone.com_cleaned.json
https://ast-ss.com/my-account/,FALSE,ast-ss.com_cleaned.json
https://astitchahalf.net/account/login,FALSE,astitchahalf.net_cleaned.json
https://astriafarm.com/my-account/,FALSE,astriafarm.com_cleaned.json
https://shop.atargold.com/account/login,FALSE,atargold.com_cleaned.json
https://atarotcards.com/login/,FALSE,atarotcards.com_cleaned.json
https://ateliernewyork.com/account/login,FALSE,ateliernewyork.com_cleaned.json
https://augmon.com/account/login,FALSE,augmon.com_cleaned.json
https://auslan.org.au/accounts/login/?next=/,FALSE,auslan.org.au_cleaned.json
https://autismawarenesscentre.com/my-account/,FALSE,autismawarenesscentre.com_cleaned.json
https://auto2u.my/my-account/,FALSE,auto2u.my_cleaned.json
https://www.avans.pl/login,FALSE,avans.pl_cleaned.json
https://awasam.com/login,FALSE,awasam.com_cleaned.json
https://ayrstone.com/www/my-account/,FALSE,ayrstone.com_cleaned.json
https://www.azcaf.org/my-account/,FALSE,azcaf.org_cleaned.json
https://azcookbook.com/my-account/,FALSE,azcookbook.com_cleaned.json
https://www.babygoesretro.com.au/account/login,FALSE,babygoesretro.com.au_cleaned.json
https://badboyblasters.com/my-account/,FALSE,badboyblasters.com_cleaned.json
https://www.baisiwig.com/account/login,FALSE,baisiwig.com_cleaned.json
https://www.bulbhead.com/account/register,FALSE,bakepop.com_cleaned.json
https://www.bakersgreenacres.com/my-account/,FALSE,bakersgreenacres.com_cleaned.json
https://www.bakewala.com/my-account,FALSE,bakewala.com_cleaned.json
https://balancingmotions.com/my-account/,FALSE,balancingmotions.com_cleaned.json
https://bangalorestudy.com/login,FALSE,bangalorestudy.com_cleaned.json
https://www.barbeline.com/account/login,FALSE,barbeline.com_cleaned.json
https://www.batesmillstore.com/account/register,FALSE,batesmillstore.com_cleaned.json
https://www.bathandbodyworks.in/login?login_with=register,FALSE,bathandbodyworks.in_cleaned.json
https://www.batterybhai.com/login_register.php,FALSE,batterybhai.com_cleaned.json
https://www.bcala.org/my-account,FALSE,bcala.org_cleaned.json
https://www.bcmsensor.com/my-account/,FALSE,bcmsensor.com_cleaned.json
https://www.bcpc.org/my-account,FALSE,bcpc.org_cleaned.json
https://www.bd4jobs.com/register/,FALSE,bd4jobs.com_cleaned.json
https://yeabunny.com/my-account/purchased-content/,FALSE,beautifier.cc_cleaned.json
https://beautifulknitters.co.uk/account/login,FALSE,beautifulknitters.co.uk_cleaned.json
https://www.beckicoakley.com/account/login,FALSE,beckicoakley.com_cleaned.json
https://becobabycarrier.com/account/register,FALSE,becobabycarrier.com_cleaned.json
https://bedheadpjs.com/account/login,FALSE,bedheadpjs.com_cleaned.json
https://www.bedlamfarm.com/my-account/subscriptions/,FALSE,bedlamfarm.com_cleaned.json
https://www.beervana.cl/account/login,FALSE,beervana.cl_cleaned.json
https://beigeandwenge.com/my-account/,FALSE,beigeandwenge.com_cleaned.json
https://below.com.tw/my-account/,FALSE,below.com.tw_cleaned.json
https://beltpublishing.com/account/login,FALSE,beltpublishing.com_cleaned.json
https://bensgarden.com/account/login,FALSE,bensgarden.com_cleaned.json
https://berkleyillustration.com/account/register,FALSE,berkleyillustration.com_cleaned.json
https://nisp.online/tpp-registration/,FALSE,berlin-group.org_cleaned.json
https://www.bethchatto.co.uk/account.php,FALSE,bethchatto.co.uk_cleaned.json
https://bettydain.com/account/login,FALSE,bettydain.com_cleaned.json
https://www.beyondpolish.com/account/login,FALSE,beyondpolish.com_cleaned.json
https://biblicalparenting.org/my-account/,FALSE,biblicalparenting.org_cleaned.json
https://bic.at/mybic_login.php,FALSE,bic.at_cleaned.json
https://bigandj.com/account/login,FALSE,bigandj.com_cleaned.json
https://www.bigtexordnance.com/my-account/?wishlist_notice=true&add_to_wishlist=234295,FALSE,bigtexordnance.com_cleaned.json
https://www.andrelleducation.com/my-account/,FALSE,bigwriting.co.uk_cleaned.json
https://bioessence.com.sg/my-account/,FALSE,bioessence.com.sg_cleaned.json
https://bitly.com/a/sign_in,FALSE,bit.ly_cleaned.json
https://bitchnewyork.com/account/login,FALSE,bitchnewyork.com_cleaned.json
https://www.blacklionaudio.com/my-account/,FALSE,blacklionaudio.com_cleaned.json
https://blankarchive.com/my-account/,FALSE,blankarchive.com_cleaned.json
https://www.blendsus.com/account/login,FALSE,blendsus.com_cleaned.json
https://blissy.com/account/register,FALSE,blissy.co_cleaned.json
https://www.avalab.org/my-account/,FALSE,blog.machinimatrix.org_cleaned.json
https://partypieces.co.uk/account/login,FALSE,blog.partypieces.co.uk_cleaned.json
https://blog5.net/login?redirect=,FALSE,blog5.net_cleaned.json
https://www.blue17.co.uk/my-account/,FALSE,blue17.co.uk_cleaned.json
https://blueforestfarms.com/my-account/,FALSE,blueforestfarms.com_cleaned.json
https://blushingdrops.com/account/login,FALSE,blushingdrops.com_cleaned.json
https://bmwatch.com/account/login,FALSE,bmwatch.com_cleaned.json
https://bobdrake.com/account/login?return_url=%2Faccount,FALSE,bobdrake.com_cleaned.json
https://www.bodaclick.com/my-account/,FALSE,bodaclick.com_cleaned.json
https://www.bodynbrain.com/account/my/login.aspx?redirect=/account/my/membership.aspx,FALSE,bodynbrain.com_cleaned.json
https://www.bodyography.com/account/login,FALSE,bodyography.com_cleaned.json
https://boggbag.com/account/login,FALSE,boggbag.com_cleaned.json
https://www.bohemiadesign.co.uk/account/register,FALSE,bohemiadesign.co.uk_cleaned.json
https://www.boinclo.co.uk/account/login,FALSE,boinclo.co.uk_cleaned.json
https://www.bonnemaman.us/customer/account/create/,FALSE,bonnemaman.us_cleaned.json
https://booksbythefoot.com/my-account/,FALSE,booksbythefoot.com_cleaned.json
https://www.booktango.com/UserRegistration.aspx,FALSE,booktango.com_cleaned.json
https://www.boomlibrary.com/my-account/,FALSE,boomlibrary.com_cleaned.json
https://www.wolfandbadger.com/accounts/join/,FALSE,boticca.com_cleaned.json
https://www.bpitch.de/en/my-account/,FALSE,bpitchcontrol.de_cleaned.json
https://brainmass.com/register,FALSE,brainmass.com_cleaned.json
https://members.brsgolf.com/brocket/login,FALSE,brocket-hall.co.uk_cleaned.json
https://brokenenglishjewelry.com/account/login,FALSE,brokenenglishjewelry.com_cleaned.json
https://brooklyncharm.com/my-account/,FALSE,brooklyncharmshop.com_cleaned.json
https://bsaoptics.com/my-account/,FALSE,bsaoptics.com_cleaned.json
https://www.bt-trade.ro/Login.aspx,FALSE,btrl.ro_cleaned.json
https://buildyourownclone.com/account/register,FALSE,buildyourownclone.com_cleaned.json
https://built.com/account/login,FALSE,builtbar.com_cleaned.json
https://www.burgesspetcare.com/register/,FALSE,burgesspetcare.com_cleaned.json
https://burmancoffee.com/my-account/,FALSE,burmancoffee.com_cleaned.json
https://burtsgh.com/my-account/,FALSE,burtsgh.com_cleaned.json
https://www.businesswebinfo.com/registration/,FALSE,businesswebinfo.com_cleaned.json
https://www.buybackworld.com/account,FALSE,buybackworld.com_cleaned.json
https://www.buyerspk.com/account/register,FALSE,buyerspk.com_cleaned.json
https://www.buyterpenesonline.com/my-account/,FALSE,buyterpenesonline.com_cleaned.json
https://kjedenett.byggern.no/login,FALSE,byggern.no_cleaned.json
https://cafelix.co.il/my-account/,FALSE,cafelix.co.il_cleaned.json
https://www.camillefournet.com/en/login?create_account=1,FALSE,camillefournet.com_cleaned.json
https://cami.co.za/my-account/,FALSE,camiweb.com_cleaned.json
https://www.campaignlive.co.uk/jobs/register/,FALSE,campaignlive.co.uk_cleaned.json
https://campuswardrobe.com/account/login/,FALSE,campuswardrobe.com_cleaned.json
https://canoe.design/account/login,FALSE,canoe.design_cleaned.json
https://education.paddle.org.au/login.php,FALSE,canoe.org.au_cleaned.json
https://cantron.com/my-account/,FALSE,cantron.com_cleaned.json
https://www.capecodlanterns.com/my-account/,FALSE,capecodlanterns.com_cleaned.json
https://www.capital.com.ph/account/login,FALSE,capital.com.ph_cleaned.json
https://captainblankenship.com/account/login,FALSE,captainblankenship.com_cleaned.json
https://www.captmacks.com/store/my-account/,FALSE,captmacks.com_cleaned.json
https://www.cariboucoffee.com/my-account/,FALSE,cariboucoffee.com_cleaned.json
https://accounts.trovit.com/?cod=check_login&url=https%3A%2F%2Fcasas.trovit.com.mx%2Findex.php%2Fcod.mail_preferences&language=es_MX&,FALSE,casas.trovit.com.mx_cleaned.json
https://lk.case-in.ru/accounts/login/?next=/registration/2021/LRS-SGK,FALSE,case-in.ru_cleaned.json
https://cashgenerator.co.uk/account/login,FALSE,cashgenerator.co.uk_cleaned.json
https://www.cashmereboutique.com/my-account/,FALSE,cashmereboutique.com_cleaned.json
https://catchthemes.com/my-account/,FALSE,catchthemes.com_cleaned.json
https://www.catholicschoolhouse.com/my-account/,FALSE,catholicschoolhouse.com_cleaned.json
https://assets.pacerpro.com/accounts/sign_up,FALSE,cdn.pacerpro.com_cleaned.json
https://www.cedigaz.org/my-account/,FALSE,cedigaz.org_cleaned.json
https://www.celticwoman.com/log-in,FALSE,celticwoman.com_cleaned.json
https://www.centerforloss.com/bookstore/my-account/,FALSE,centerforloss.com_cleaned.json
https://cesis.co/my-account/,FALSE,cesis.co_cleaned.json
https://chanakyanipothi.com/my-account/,FALSE,chanakyanipothi.com_cleaned.json
https://changmike.com/my-account/,FALSE,changmike.com_cleaned.json
https://chanluu.com/account/login,FALSE,chanluu.com_cleaned.json
https://www.charnleys.co.uk/my-account/,FALSE,charnleys.co.uk_cleaned.json
https://chelletextiles.com.au/my-account-2/account-info/,FALSE,chelletextiles.com.au_cleaned.json
https://secure.chemtrec.com/security/sign-in,FALSE,chemtrec.com_cleaned.json
https://chessware.ch/my-account/,FALSE,chessware.ch_cleaned.json
http://www.chinamyhosting.com/clients/register.php,FALSE,chinamyhosting.com_cleaned.json
https://chinchilla.co.nz/index.php/my-account/,FALSE,chinchilla.co.nz_cleaned.json
https://www.chintiandparker.com/pages/account,FALSE,chintiandparker.com_cleaned.json
https://chkokko.com/account/login,FALSE,chkokko.com_cleaned.json
https://chocolateandlove.com/account/login,FALSE,chocolateandlove.com_cleaned.json
https://christianaidministries.org/my-account/,FALSE,christianaidministries.org_cleaned.json
https://www.christianfutures.com/my-account/,FALSE,christianfutures.com_cleaned.json
https://christuspublishers.com/my-account/,FALSE,christuspublishers.com_cleaned.json
https://churchgrowth.org/my-account/,FALSE,churchgrowth.org_cleaned.json
https://churchillswimfins.com/my-account/,FALSE,churchillswimfins.com_cleaned.json
https://www.cigarsbuy.com/my-account/,FALSE,cigarsbuy.com_cleaned.json
https://cincyshirts.com/account/login,FALSE,cincyshirts.com_cleaned.json
https://citimarinestore.com/login?create_account=1,FALSE,citimarinestore.com_cleaned.json
https://shop.civilclothing.com/account/register,FALSE,civilclothing.com_cleaned.json
https://classicsofgolf.com/my-account/,FALSE,classicsofgolf.com_cleaned.json
https://account.clclodging.com/login.cfm?tab=trav,FALSE,clclodging.com_cleaned.json
https://www.clippingimages.com/accountsystem/registratoin.php,FALSE,clippingimages.com_cleaned.json
https://cedarlakeventures.com/signon/v0/w355d8417a114846d/single?lc=en-US&loginPath=%2Flogin_callback%3Fredir%3D%252F&email=,FALSE,clippingmagic.com_cleaned.json
https://clubqueretaro.com/gallos/component/users/?view=registration&Itemid=437,FALSE,clubqueretaro.com_cleaned.json
https://cnavt.org/aanmelden-registreren,FALSE,cnavt.org_cleaned.json
https://co.ocean.nj.us/frmEmailLogin.aspx,FALSE,co.ocean.nj.us_cleaned.json
https://cobkits.com/my-account/,FALSE,cobkits.com_cleaned.json
https://cockpitusa.com/account/login,FALSE,cockpitusa.com_cleaned.json
https://cocoawest.com/account/register,FALSE,cocoawest.com_cleaned.json
https://coconutmagic.com/account/login,FALSE,coconutmagic.com_cleaned.json
https://www.codexcoder.com/my-account/,FALSE,codexcoder.com_cleaned.json
https://cokin.com/en/login?create_account=1,FALSE,cokin.com_cleaned.json
https://colourpot.in/my-account/,FALSE,colourpot.in_cleaned.json
https://www.companysearchesmadesimple.com/login/,FALSE,companysearchesmadesimple.com_cleaned.json
https://luckybull.com/deep/player--register/mediaCode/textlink/affiliate/9873,FALSE,completecasinolist.com_cleaned.json
https://connectedthings.store/gb/login?create_account=1,FALSE,connectedthings.store_cleaned.json
https://www.conservationphotographers.org/sign-up,FALSE,conservationphotographers.org_cleaned.json
https://www.corecarbonrings.com/my-account/,FALSE,corecarbonrings.com_cleaned.json
https://www.cougar.com.pk/account/login,FALSE,cougar.com.pk_cleaned.json
https://countdownmail.com/user/login,FALSE,countdownmail.com_cleaned.json
https://www.counterpunch.org/log-in/,FALSE,counterpunch.com_cleaned.json
https://www.countryclubprep.com/account/register,FALSE,countryclubprep.com_cleaned.json
https://www.courtsmammouth.mu/login?create_account=1,FALSE,courtsmammouth.mu_cleaned.json
https://coutula.com/account/login,FALSE,coutula.com_cleaned.json
https://www.couturecandy.com/account/login,FALSE,couturecandy.com_cleaned.json
https://www.coventry-demolition.co.uk/products.asp?page=account&cmd=create,FALSE,coventry-demolition.co.uk_cleaned.json
https://coveti.com/my-account/,FALSE,coveti.com_cleaned.json
https://creatics.org/login,FALSE,creatics.org_cleaned.json
https://creatingbetterdays.com/account/register,FALSE,creatingbetterdays.com_cleaned.json
https://creativedojo.net/my-account/,FALSE,creativedojo.net_cleaned.json
https://www.crema.fi/fi/login,FALSE,crema.fi_cleaned.json
https://www.cressiegypt.com/my-account/,FALSE,cressiegypt.com_cleaned.json
https://www.crisisconnections.org/account/?ec_page=register,FALSE,crisisconnections.org_cleaned.json
https://www.crocus.co.uk/myaccount/,FALSE,crocus.co.uk_cleaned.json
https://crossroadsantigua.org/my-account/,FALSE,crossroadsantigua.org_cleaned.json
https://www.cruyff.com/en/login,FALSE,cruyff.com_cleaned.json
https://www.crystalcentral.com/account?tab=saved_carts,FALSE,crystalcentral.com_cleaned.json
https://csfg.org.au/my-account/,FALSE,csfg.org.au_cleaned.json
https://fr.custplace.com/login,FALSE,custplace.com_cleaned.json
https://www.cutplasticsheeting.co.uk/account/,FALSE,cutplasticsheeting.co.uk_cleaned.json
https://www.cwlp.com/IWantTo/IWantTo_SignUpFor.aspx,FALSE,cwlp.com_cleaned.json
https://cyberdrop.me/auth,FALSE,cyberdrop.me_cleaned.json
https://www.cycfi.com/my-account-2/,FALSE,cycfi.com_cleaned.json
https://www.d2-store.com/it/user/login,FALSE,d2-store.com_cleaned.json
https://www.daintylondon.com/account/register,FALSE,daintylondon.com_cleaned.json
https://www.dakine.com/account/login,FALSE,dakine.com_cleaned.json
https://www.dancemidisamples.com/account/,FALSE,dancemidisamples.com_cleaned.json
https://www.dannyduncan69.com/account/login,FALSE,dannyduncan69.com_cleaned.json
https://accounts.darabanth.com/en/login/,FALSE,darabanth.com_cleaned.json
https://www.darazpakistan.pk/my-account,FALSE,darazpakistan.pk_cleaned.json
https://darla.com/account/login,FALSE,darla.com_cleaned.json
https://datamation.in/my-account-2/,FALSE,datamation.in_cleaned.json
https://app.dataprospects.fr/login.php?action=subscribe,FALSE,dataprospects.fr_cleaned.json
https://login.debtpaypro.com/login.php?goto=%2F,FALSE,debtpaypro.com_cleaned.json
https://declarator.org/accounts/signup/,FALSE,declarator.org_cleaned.json
https://www.deepdyve.com/login,FALSE,deepdyve.com_cleaned.json
https://www.deeringbanjos.com/account/login,FALSE,deeringbanjos.com_cleaned.json
https://www.dmarsalis.com/my-account/,FALSE,delfeayomarsalis.com_cleaned.json
https://demo.booking-activities.fr/en/my-account/,FALSE,demo.booking-activities.fr_cleaned.json
https://demo5.wpbean.com/my-account/,FALSE,demo5.wpbean.com_cleaned.json
https://www.desertriver.com/my-account/,FALSE,desertriver.com_cleaned.json
https://desidollcompany.com/my-account/,FALSE,desidollcompany.com_cleaned.json
https://designmuseumshop.com/account/login,FALSE,designmuseumshop.com_cleaned.json
https://diaryofafitmommy.com/my-account/,FALSE,diaryofafitmommy.com_cleaned.json
https://www.diclaro.org/signup/,FALSE,diclaro.org_cleaned.json
https://www.dierenpensionreview.nl/registreer,FALSE,dierenpensionreview.nl_cleaned.json
https://www.dieselpowerproducts.com/signin.aspx,FALSE,dieselpowerproducts.com_cleaned.json
https://www.digbysboutique.com/account/login,FALSE,digbysboutique.com_cleaned.json
https://directcolors.com/customer-account/,FALSE,directcolors.com_cleaned.json
https://passport.yandex.com.tr/auth?from=cloud&origin=disk_landing2_signin_ru&retpath=https%3A%2F%2Fdisk.yandex.com.tr%3Fsource%3Dlanding2_signin_ru&backpath=https%3A%2F%2Fdisk.yandex.com.tr%3F,FALSE,disk.yandex.com.tr_cleaned.json
https://www.divincenzoboutique.com/it/user/login,FALSE,divincenzoboutique.com_cleaned.json
https://www.diyawards.com/account,FALSE,diyawards.com_cleaned.json
https://diyordievaping.com/my-account/,FALSE,diyordievaping.com_cleaned.json
https://www.dl-laby.jp/login,FALSE,dl-laby.jp_cleaned.json
https://dmo.gov.tr/Account/OfficerLogin,FALSE,dmo.gov.tr_cleaned.json
https://www.docfinder.at/benutzer/login,FALSE,docfinder.at_cleaned.json
https://doctortaz.com/my-account/,FALSE,doctortaz.com_cleaned.json
https://login.docuware.com/identity/Account/Register?returnurl=%2Fidentity%2Fconnect%2Fauthorize%2Fcallback%3Fclient_id%3Ddocuwarecom%26response_type%3Did_token%2520token%26scope%3Dopenid%2520profile%2520roles%26redirect_uri%3Dhttps%253A%252F%252Fwww.docuware.com%252Fssl%252Fssoclient%252Faccount%252FsignInCallback%252F%26requestingApplicationUri%3Dhttps%253A%252F%252Fwww.docuware.com%252Fssl%252Fwww_sic_chk.asp%26response_mode%3Dform_post%26state%3Db5c9a3a8431e47939d1b27d3ee212ff3%26nonce%3Dc98e17806783452e810c04900d1e257d,FALSE,docuware.com_cleaned.json
https://dodmou.com/Login.aspx,FALSE,dodmou.com_cleaned.json
https://donnabellahair.com/account/login,FALSE,donnabellahair.com_cleaned.json
https://dorschhome.ps/my-account-3?v=7516fd43adaa,FALSE,dorschhome.ps_cleaned.json
https://www.dosepharmacy.com/my-account,FALSE,dosepharmacy.com_cleaned.json
https://www.dpsskis.com/account/login,FALSE,dpsskis.com_cleaned.json
https://dr.cash/sign-in,FALSE,dr.cash_cleaned.json
https://www.drakewaterfowl.com/account/register,FALSE,drakewaterfowl.com_cleaned.json
https://b2b.drapertools.com/signin.php/,FALSE,drapertools.com_cleaned.json
https://www.dreamlandmagic.com/my-account,FALSE,dreamlandmagic.com_cleaned.json
https://dreamperfectregime.com/my-account/,FALSE,dreamperfectregime.com_cleaned.json
https://dreamtechbd.com/my-account/,FALSE,dreamtechbd.com_cleaned.json
https://dreamvessels.com/account/login,FALSE,dreamvessels.com_cleaned.json
https://drgeorges.com/my-account/,FALSE,drgeorges.com_cleaned.json
https://www.drift-products.com/account/register,FALSE,drift-products.com_cleaned.json
https://drop.ru/login,FALSE,drop.ru_cleaned.json
https://dayvo.com/Users/Account/LogOn?ReturnUrl=%2F,FALSE,dshosting.es_cleaned.json
https://www.glds.com/store/my-account/,FALSE,dstinnovis.com_cleaned.json
https://www.dumpshero.com/my-account/,FALSE,dumpshero.com_cleaned.json
https://www.dumpshouse.com/my-account/,FALSE,dumpshouse.com_cleaned.json
https://www.dune-hd.com/account/login,FALSE,dune-hd.com_cleaned.json
https://dustmagazine.com/my-account/,FALSE,dustmagazine.com_cleaned.json
https://dvosuspension.com/account/,FALSE,dvosuspension.com_cleaned.json
https://e-teatr.pl/login,FALSE,e-teatr.pl_cleaned.json
https://easycaptures.com/login.htm,FALSE,easycaptures.com_cleaned.json
https://easycators.com/my-account/edit-account/,FALSE,easycators.com_cleaned.json
https://ebook4car.com/login,FALSE,ebook4car.com_cleaned.json
https://eburon.nl/mijn-account/,FALSE,eburon.nl_cleaned.json
https://www.echojs.com/login,FALSE,echojs.com_cleaned.json
https://app.ecosbox.com/#/login,FALSE,ecosbox.com_cleaned.json
https://ecovibestyle.com/account/login,FALSE,ecovibestyle.com_cleaned.json
https://www.edbrown.com/my-account/,FALSE,edbrown.com_cleaned.json
https://www.ehorses.de/account/login?ref=/,FALSE,ehorses.de_cleaned.json
https://einkcn.com/zb_system/login.php,FALSE,einkcn.com_cleaned.json
https://firmenverzeichnis.elektro.net/admin/login,FALSE,elektro.net_cleaned.json
https://elementorkits.ir/my-account/support/,FALSE,elementorkits.ir_cleaned.json
https://www.emailn.de/e-mail/login,FALSE,emailn.de_cleaned.json
https://emiratesbd.ae/user/sign-up.php,FALSE,emiratesbd.ae_cleaned.json
https://www.ems-dental.com/en/user/register,FALSE,ems-dental.com_cleaned.json
https://bill.ems.com.vn/login,FALSE,ems.com.vn_cleaned.json
https://www.engineer-tutor.com/my-account/,FALSE,engineer-tutor.com_cleaned.json
https://enjoyweed.com/account/login,FALSE,enjoyweed.com_cleaned.json
https://www.enterpriseprint.co.uk/my-account/,FALSE,enterpriseprint.co.uk_cleaned.json
https://esacademy-usa.com/wp-login.php?action=register,FALSE,esacademy-usa.com_cleaned.json
https://www.escortdude.com/signup,FALSE,escortdude.com_cleaned.json
https://www.espaciorural.com/cpanel/login.php,FALSE,espaciorural.com_cleaned.json
https://essocoffeeshop.com/my-account/,FALSE,essocoffeeshop.com_cleaned.json
https://www.estationery.com/login/,FALSE,estationery.com_cleaned.json
https://login.herold.at/login.do?redirectUrl=https%3A%2F%2Fwww.herold.at%2Ftelefonbuch%2F,FALSE,etb.at_cleaned.json
https://accounts.euractiv.com/register/?return_uri=https%3A//euroefe.euractiv.es/wp-login.php,FALSE,euractiv.es_cleaned.json
https://euram.academy/euram?service=info&d=login,FALSE,euram.academy_cleaned.json
https://performancemakeup.com/my-account/,FALSE,europeanbodyart.com_cleaned.json
https://www.europosters.eu/login.php?modal=true&showLogin=true,FALSE,europosters.eu_cleaned.json
http://www.euroscol.com/es/component/users/?view=registration&Itemid=103,FALSE,euroscol.com_cleaned.json
https://www.eurovaistine.lt/login,FALSE,eurovaistine.lt_cleaned.json
https://evdc.network/account/login,FALSE,evdc.network_cleaned.json
https://resv.evolv-ems.com/reservation/login/,FALSE,evolv-ems.com_cleaned.json
https://exoticflora.in/account/login?checkout_url=/%2F,FALSE,exoticflora.in_cleaned.json
https://extremetracking.com/?myaccount,FALSE,extreme-dm.com_cleaned.json
https://www.extremeleadprogram.com/my-account/,FALSE,extremeleadprogram.com_cleaned.json
https://eyecandys.com/account/login,FALSE,eyecandys.com_cleaned.json
https://www.eyeglasses.com/login,FALSE,eyeglasses.com_cleaned.json
https://ezyleaf.co.uk/my-account/,FALSE,ezyleaf.co.uk_cleaned.json
https://www.factorytohome.com.au/account/login,FALSE,factorytohome.com.au_cleaned.json
https://www.fairlytrading.com/my-account/,FALSE,fairlytrading.com_cleaned.json
https://www.fartakdesign.com/account/,FALSE,fartakdesign.com_cleaned.json
https://www.fashionchingu.com/my-account/,FALSE,fashionchingu.com_cleaned.json
https://www.fashiondays.ro/customer/authentication,FALSE,fashiondays.ro_cleaned.json
https://fattyarbuckles.com.au/account/login,FALSE,fattyarbuckles.com.au_cleaned.json
https://fazieditore.it/mio-account/,FALSE,fazieditore.it_cleaned.json
https://fbatoolkit.com/signin,FALSE,fbatoolkit.com_cleaned.json
https://feastdesignco.com/shop/account/downloads/,FALSE,feastdesignco.com_cleaned.json
https://asterius.federation.edu.au/scenariaid/index.php/component/comprofiler/registers,FALSE,federation.edu.au_cleaned.json
https://felixmerchant.com/my-account/,FALSE,felixmerchant.com_cleaned.json
https://finestlabs.com/my-account/,FALSE,finestlabs.com_cleaned.json
https://flobyella.com/account/login,FALSE,flobyella.com_cleaned.json
https://flourishpresets.com/account/register,FALSE,flourishpresets.com_cleaned.json
https://shop.fluke.com/account/register,FALSE,flukebiomedical.com_cleaned.json
https://fontamin.com/my-account/,FALSE,fontamin.com_cleaned.json
https://www.fonteine.com/mijn-account/,FALSE,fonteine.com_cleaned.json
https://fontnegar.ir/my-account/,FALSE,fontnegar.ir_cleaned.json
https://footyguru365.com/login.php,FALSE,footyguru365.com_cleaned.json
https://www.foreverredwood.com/account/login,FALSE,foreverredwood.com_cleaned.json
https://www.forgotten-adventures.net/my-account/,FALSE,forgotten-adventures.net_cleaned.json
https://www.forttroff.com/store/customer-log-in/?register=1,FALSE,forttroff.com_cleaned.json
https://fotoshare.co/account/login,FALSE,fotoshare.co_cleaned.json
https://fransontmaskerd.be/mijn-account/,FALSE,fransontmaskerd.be_cleaned.json
https://www.fredleighton.com/my-account/,FALSE,fredleighton.com_cleaned.json
https://freelogocreator.com/login,FALSE,freelogocreator.com_cleaned.json
https://freesvgdesigns.com/my-account/,FALSE,freesvgdesigns.com_cleaned.json
https://www.freshlycosmetics.com/en/login?create_account=1,FALSE,freshlycosmetics.com_cleaned.json
http://fromild.com/Account/Login,FALSE,fromild.com_cleaned.json
https://www.fuelmeals.com/account/login,FALSE,fuelmeals.com_cleaned.json
https://fundepos.campus.co.cr/aulavirtual/login/index.php,FALSE,fundepos.ac.cr_cleaned.json
https://us.funfactory.com/account/register,FALSE,funfactory.com_cleaned.json
https://funworld.pk/my-account/,FALSE,funworld.pk_cleaned.json
https://www.galison.com/account/login,FALSE,galison.com_cleaned.json
https://gameongrafix.com/my-account/,FALSE,gameongrafix.com_cleaned.json
https://gangaji.org/my-account,FALSE,gangaji.org_cleaned.json
https://www.gaudenziboutique.com/it-IT/user/logIn,FALSE,gaudenziboutique.com_cleaned.json
https://gayacosmetics.co.il/my-account/,FALSE,gayacosmetics.co.il_cleaned.json
https://www.gbase.com/account/join,FALSE,gbase.com_cleaned.json
https://www.geckofarms.com/my-account/,FALSE,geckofarms.com_cleaned.json
https://www.georgesmith.com/account/,FALSE,georgesmith.com_cleaned.json
https://getblogs.net/login?redirect=,FALSE,getblogs.net_cleaned.json
https://getethnic.com/my-account/,FALSE,getethnic.com_cleaned.json
https://www.getgrinds.com/account/login,FALSE,getgrinds.com_cleaned.json
https://www.gettysburgmuseumofhistory.com/my-account/,FALSE,gettysburgmuseumofhistory.com_cleaned.json
https://www.girlsinnz.net/my-account/,FALSE,girlsinnz.net_cleaned.json
https://www.cloud9reservations.com/Booking/Account/LogOn?tripid=11750,FALSE,girlsjustwannaweekend.com_cleaned.json
https://glassartkalamazoo.org/my-account/,FALSE,glassartkalamazoo.org_cleaned.json
https://glitzhouzz.com/account/login,FALSE,glitzhouzz.com_cleaned.json
https://beautybio.com/account/login,FALSE,gloprobeauty.com_cleaned.json
https://go-personalised.co.uk/my-account/orders/,FALSE,go-personalised.co.uk_cleaned.json
https://login.docuware.com/identity/Account/Register?returnurl=%2Fidentity%2Fconnect%2Fauthorize%2Fcallback%3Fclient_id%3Ddocuwarecom%26response_type%3Did_token%2520token%26scope%3Dopenid%2520profile%2520roles%26redirect_uri%3Dhttps%253A%252F%252Fwww.docuware.com%252Fssl%252Fssoclient%252Faccount%252FsignInCallback%252F%26requestingApplicationUri%3Dhttps%253A%252F%252Fwww.docuware.com%252Fssl%252Fwww_sic_chk.asp%26response_mode%3Dform_post%26state%3D6e47eba3d8b54b4a8263c09c3ec3c85b%26nonce%3D33ad6c325e1c497dabcd007330d7075e,FALSE,go.docuware.com_cleaned.json
https://godspeaksinternetradio.com/community/register-free.html,FALSE,godspeaksinternetradio.com_cleaned.json
https://gojeek.com/account/login,FALSE,gojeek.com_cleaned.json
https://goldenmonk.com/my-account/,FALSE,goldenmonk.com_cleaned.json
https://www.gonzalezgimenez.com.py/login-new,FALSE,gonzalezgimenez.com.py_cleaned.json
https://www.goodreads.com/amazon/login/redirect_to_amazon_login_url?inpopup=false,FALSE,goodreads.com_cleaned.json
https://www.mycareeradvisor.com/login,FALSE,goodwillaz.org_cleaned.json
https://gossen-photo.de/en/my-account/,FALSE,gossen-photo.de_cleaned.json
https://www.gotresumebuilder.com/login,FALSE,gotresumebuilder.com_cleaned.json
https://www.gourmetduvillage.com/my-account/,FALSE,gourmetduvillage.com_cleaned.json
https://gpldownloads.club/my-account/,FALSE,gpldownloads.club_cleaned.json
https://gramofon.ua/login,FALSE,gramofon.ua_cleaned.json
https://www.grandbazaarist.com/my-account/,FALSE,grandbazaarist.com_cleaned.json
https://www.greatinsurancejobs.com/register/,FALSE,greatinsurancejobs.com_cleaned.json
https://greenhousehome.com/account/login,FALSE,greenhousehome.com_cleaned.json
https://www.greenkidcrafts.com/my-account/,FALSE,greenkidcrafts.com_cleaned.json
https://groenepassies.nl/mijn-account/,FALSE,groenepassies.nl_cleaned.json
https://www.aufeminin.com/reloaded/users/login,FALSE,grossesse.aufeminin.com_cleaned.json
https://www.aufeminin.com/reloaded/users/login,FALSE,grossesse.aufeminin.com_cleaned.json
https://www.aufeminin.com/reloaded/users/login,FALSE,grossesse.aufeminin.com_cleaned.json
https://www.aufeminin.com/reloaded/users/login,FALSE,grossesse.aufeminin.com_cleaned.json
https://www.aufeminin.com/reloaded/users/login,FALSE,grossesse.aufeminin.com_cleaned.json
https://www.grudadoemvoce.com.br/my-account/,FALSE,grudadoemvoce.com.br_cleaned.json
https://home.gwh.de/site/login/anmeldung,FALSE,gwh.de_cleaned.json
https://gwmemorial.org/account/login,FALSE,gwmemorial.org_cleaned.json
https://www.h2hubwatches.com/account/login,FALSE,h2hubwatches.com_cleaned.json
https://www.habitat.fr/login,FALSE,habitat.fr_cleaned.json
https://hail.to/auth/signup,FALSE,hail.to_cleaned.json
https://haleynutrition.com/my-account/?action=registration,FALSE,haleynutrition.com_cleaned.json
https://happypicnic.com/account/register,FALSE,happypicnic.com_cleaned.json
https://www.hardcorecarnivore.com/account/login,FALSE,hardcorecarnivore.com_cleaned.json
https://www.hardcoresarmsusa.com/my-account/,FALSE,hardcoresarmsusa.com_cleaned.json
https://www.harveymaria.com/my-account/,FALSE,harveymaria.com_cleaned.json
https://partner.healthiestyou.com/portal/login.aspx,FALSE,healthiestyou.com_cleaned.json
https://www.hermankuypers.nl/mijn-account/,FALSE,hermankuypers.nl_cleaned.json
https://www.herobullion.com/my-account/,FALSE,herobullion.com_cleaned.json
https://login.herold.at/login.do,FALSE,herold.at_cleaned.json
https://www.herowears.com/my-account,FALSE,herowears.com_cleaned.json
https://secure.highlandtitles.com/_login.php?agent=1,FALSE,highlandtitles.com_cleaned.json
https://www.hillrunner.com/register/login/,FALSE,hillrunner.com_cleaned.json
https://www.himalayanhikers.in/my-account/,FALSE,himalayanhikers.in_cleaned.json
https://hipandhumble.com/account/login,FALSE,hipandhumble.com_cleaned.json
https://hobby-genki.com/en/login?create_account=1,FALSE,hobby-genki.com_cleaned.json
https://homenature.com/account/register,FALSE,homenature.com_cleaned.json
https://www.honolulucoffee.com/account/login,FALSE,honolulucoffee.com_cleaned.json
https://horseracingkills.com/store/my-account/,FALSE,horseracingkills.com_cleaned.json
https://www.houzplus.com/account/login,FALSE,houzplus.com_cleaned.json
http://hrdlog.net/Login.aspx,FALSE,hrdlog.net_cleaned.json
https://hrmars.com/login,FALSE,hrmars.com_cleaned.json
https://www.huckleberrywillow.co.uk/my-account/,FALSE,huckleberrywillow.co.uk_cleaned.json
https://hugelol.com/login,FALSE,hugelolcdn.com_cleaned.json
https://hugelol.com/login,FALSE,hugelolcdn.com_cleaned.json
https://www.hypop.com.au/account/login,FALSE,hypop.com.au_cleaned.json
https://www.iarena.ro/account/login,FALSE,iarena.ro_cleaned.json
https://www.iconic-office.com/my-account/,FALSE,iconic-office.com_cleaned.json
https://www.ideacalcio.net/mio-account,FALSE,ideacalcio.net_cleaned.json
https://www.ideall.ro/cont/login,FALSE,ideall.ro_cleaned.json
https://www.ido.lk/my-account/,FALSE,ido.lk_cleaned.json
https://ifpda.org/register/,FALSE,ifpda.org_cleaned.json
https://ifsohonewyork.com/account/login,FALSE,ifsohonewyork.com_cleaned.json
https://www.ige-xao.com/en/my-account/,FALSE,ige-xao.com_cleaned.json
https://www.iguanaworks.net/my-account/,FALSE,iguanaworks.net_cleaned.json
https://conservationphotographers.org/sign-up,FALSE,ilcp.com_cleaned.json
https://www.ilnumero1.it/mio-account/,FALSE,ilnumero1.it_cleaned.json
https://ilgm.com/customer/account/create/,FALSE,ilovegrowingmarijuana.com_cleaned.json
https://ilgm.com/customer/account/create/,FALSE,ilovegrowingmarijuana.com_cleaned.json
https://www.iloveugly.com/account/login,FALSE,iloveugly.com_cleaned.json
https://pay.imaginepay.com/Login/provider,FALSE,imaginepay.com_cleaned.json
https://shop.immieats.com/account/login,FALSE,immieats.com_cleaned.json
https://accounts.trovit.com/?cod=check_login&url=https%3A%2F%2Fimmo.trovit.fr%2Findex.php%2Fcod.mail_preferences&language=fr_FR&,FALSE,immo.trovit.fr_cleaned.json
https://improvephotography.com/my-account/,FALSE,improvephotography.com_cleaned.json
https://www.incantation.com/account/login,FALSE,incantation.com_cleaned.json
https://www.indianartvilla.com/account/register,FALSE,indianartvilla.in_cleaned.json
https://zotabox.com/customer/auth/login,FALSE,info.zotabox.com_cleaned.json
https://www.ingentaconnect.com/register/personal?url=%2fWEB-INF%2fjsp%2fsaml%2fwayf.jsp%3fentityID%3dhttps%3a%2f%2fwww.ingentaconnect.com%2fshibboleth%26url%3d%252f%26url%3d%252f,FALSE,ingentaconnect.com_cleaned.json
https://prihlaseni.innogy.cz/signin.html?redirect=https://innosvet.innogy.cz/dashboard?b=aW5ub2d5MjQ=&client_id=3huqdeb3p0plv29tmng1eb2dkv&utm_source=innogy.cz&utm_medium=carousel_HP&utm_campaign=202112_zimni_soutez,FALSE,innogy.cz_cleaned.json
https://insignia.com.pk/account/login,FALSE,insignia.com.pk_cleaned.json
https://intellijel.com/shop/account/,FALSE,intellijel.com_cleaned.json
https://internation.in/my-account/,FALSE,internation.in_cleaned.json
https://intrinsichemp.com/my-account/,FALSE,intrinsichemp.com_cleaned.json
https://investmap.pl/login,FALSE,investmap.pl_cleaned.json
https://involverecords.es/my-account/,FALSE,involverecords.es_cleaned.json
https://iono.fm/login,FALSE,iono.fm_cleaned.json
https://www.ipfkart.com/my-account/,FALSE,ipfkart.com_cleaned.json
https://ipoint.com.ar/login?create_account=1,FALSE,ipoint.com.ar_cleaned.json
https://iq2u.ru/user/auth/combined,FALSE,iq2u.ru_cleaned.json
https://www.iqfeed.net/dev/index.cfm?section=registerForm,FALSE,iqfeed.net_cleaned.json
https://www.iqrasense.com/my-account,FALSE,iqrasense.com_cleaned.json
https://ironsidecomputers.com/my-account/,FALSE,ironsidecomputers.com_cleaned.json
https://isodiol.com/my-account/,FALSE,isodiol.com_cleaned.json
https://www.isons.com/my-account/,FALSE,isons.com_cleaned.json
https://www.nextech.sk/login,FALSE,itnews.sk_cleaned.json
https://ivasdesign.com/login?redirect=,FALSE,ivasdesign.com_cleaned.json
https://ivoryconstructionportal.com/vendorApp/login,FALSE,ivoryhomes.com_cleaned.json
https://enreverie.com/account/register,FALSE,iydjewelry.com_cleaned.json
https://www.jackandjilladult.com/my-account/,FALSE,jackandjilladult.com_cleaned.json
https://www.jacksonguitars.com/on/demandware.store/Sites-Jackson-Site/en_US/Login-Show,FALSE,jacksonguitars.com_cleaned.json
https://jacquieaiche.com/account/login,FALSE,jacquieaiche.com_cleaned.json
https://jadedldn.com/account/login,FALSE,jadedldn.com_cleaned.json
https://www.foodandfriends.nl/mijn-account/,FALSE,jamiemagazine.nl_cleaned.json
https://jamustick.com/my-account/,FALSE,jamustick.com_cleaned.json
https://www.japteenx.com/signup,FALSE,japteenx.com_cleaned.json
https://jasminesvintagecloset.com/account/login,FALSE,jasminesvintagecloset.com_cleaned.json
https://jat.org/membership/signup,FALSE,jat.org_cleaned.json
https://www.javoedge.com/account/login,FALSE,javoedge.com_cleaned.json
https://jaycotts.co.uk/account/login,FALSE,jaycotts.co.uk_cleaned.json
https://www.jeepworld.com/account/login,FALSE,jeepworld.com_cleaned.json
https://jeffreycampbellshoes.com/account/login,FALSE,jeffreycampbellshoes.com_cleaned.json
https://jewishjewelrylizashtromberg.com/account/login,FALSE,jewishjewelrylizashtromberg.com_cleaned.json
https://www.jny.com/account/login,FALSE,jny.com_cleaned.json
https://jobsearchyourfuture.com/wp-login.php,FALSE,jobsearchyourfuture.com_cleaned.json
https://jobspresso.co/my-account/,FALSE,jobspresso.co_cleaned.json
https://joelfitzgeraldsurfboards.com/account/login,FALSE,joelfitzgeraldsurfboards.com_cleaned.json
http://extremetracking.com/open?login=joemalle,FALSE,joemaller.com_cleaned.json
https://www.joesjeans.com/account/login,FALSE,joesjeans.com_cleaned.json
https://johneadon.co.uk/account/login,FALSE,johneadon.co.uk_cleaned.json
https://www.johnnie-o.com/account/login,FALSE,johnnie-o.com_cleaned.json
https://www.johnsnowlabs.com/account/,FALSE,johnsnowlabs.com_cleaned.json
https://shopilovejewelry.com/account/login,FALSE,jordannjewelry.com_cleaned.json
https://www.josiemaran.com/account/login,FALSE,josiemaran.com_cleaned.json
https://www.jpinstruments.com/my-account/,FALSE,jpinstruments.com_cleaned.json
https://blogzag.com/login,FALSE,juliuscugh15680.blogzag.com_cleaned.json
https://www.affiliatly.com/af-1050770/affiliate.panel?mode=register,FALSE,justdeltastore.com_cleaned.json
https://www.justkarikatur.dk/account/login,FALSE,justkarikatur.dk_cleaned.json
https://kamokapearls.com/account/login,FALSE,kamokapearls.com_cleaned.json
http://karsob.ru/auth/?register=yes&backurl=%2F,FALSE,karsob.ru_cleaned.json
https://motobuys.com/account/register,FALSE,kartquest.com_cleaned.json
https://www.katiemay.com/account/login,FALSE,katiemay.com_cleaned.json
https://keababies.com/account/login,FALSE,keababies.com_cleaned.json
https://keep-secret.com/account/,FALSE,keep-secret.com_cleaned.json
https://keepcompany.com/account/register,FALSE,keepcompany.com_cleaned.json
https://www.keiandmolly.com/account/login,FALSE,keiandmolly.com_cleaned.json
https://kerstverlichtingbuiten.com/my-account/,FALSE,kerstverlichtingbuiten.com_cleaned.json
https://ketlmtn.com/account/login,FALSE,ketlmtn.com_cleaned.json
https://keuzegids.nl/mijn-account/,FALSE,keuzegids.org_cleaned.json
https://www.kewlioo.com/account/login,FALSE,kewlioo.com_cleaned.json
https://khoek.ks.ua/cabinet/loginpersonal,FALSE,khoek.ks.ua_cleaned.json
https://khushispa.com/my-account/,FALSE,khushispa.com_cleaned.json
https://kickstw.com.au/my-account/,FALSE,kickstw.com.au_cleaned.json
https://kidmademodern.com/account/login,FALSE,kidmademodern.com_cleaned.json
https://kindergartenchaos.com/my-account/,FALSE,kindergartenchaos.com_cleaned.json
https://www.affiliatly.com/af-1031201/affiliate.panel?mode=register,FALSE,kingspipes.com_cleaned.json
https://knigavuhe.org/login/,FALSE,knigavuhe.org_cleaned.json
https://knockknockstuff.com/account/login,FALSE,knockknockstuff.com_cleaned.json
https://www.knollgardens.co.uk/my-account/,FALSE,knollgardens.co.uk_cleaned.json
https://konakratom.com/my-account/,FALSE,konakratom.com_cleaned.json
https://kontactbike.com/my-account/,FALSE,kontactbike.com_cleaned.json
https://korenpub.com/account/login,FALSE,korenpub.com_cleaned.json
https://www.kotte-zeller.de/websale8/?Ctx=%257bver%252f8%252fver%257d%257bst%252f407%252fst%257d%257bcmd%252f1%252fcmd%257d%257bm%252fwebsale%252fm%257d%257bs%252fkotte%252dzeller%252dshop%252fs%257d%257bl%252f01%252daa%252fl%257d%257bssl%252fx%252fssl%257d%257bmd5%252f254d79afb7e3800f1851e362afb9fe00%252fmd5%257d&type=LoginUser&otp-login=known,FALSE,kotte-zeller.de_cleaned.json
https://www.kristenashley.net/my-account/,FALSE,kristenashley.net_cleaned.json
https://networking.kstdc.co/buyerseller/register/,FALSE,kstdc.co_cleaned.json
https://www.kuhl.com/accounts/login-register/,FALSE,kuhl.com_cleaned.json
http://kunsziget.hu/register,FALSE,kunsziget.hu_cleaned.json
https://kupisuvenir.com.ua/auth/?view=noframe&KeepThis=true&TB_iframe=true&height=350&width=475,FALSE,kupisuvenir.com.ua_cleaned.json
https://www.kusmitea.com/fr/login/,FALSE,kusmitea.com_cleaned.json
https://www.alenetoo.com/account/login,FALSE,kylebyalenetoo.com_cleaned.json
https://qowap.com/login,FALSE,kylerjylz094643.qowap.com_cleaned.json
https://www.kywoo3d.com/account/login,FALSE,kywoo3d.com_cleaned.json
https://www.la-boite-a-bulles.com/login,FALSE,la-boite-a-bulles.com_cleaned.json
https://www.labhakada.com/my-account/,FALSE,labhakada.com_cleaned.json
https://www.lamourettechocolat.com/my-account/,FALSE,lamourettechocolat.com_cleaned.json
https://laquansmith.com/account/login,FALSE,laquansmith.com_cleaned.json
https://laughter-coffee.com/my-account/,FALSE,laughter-coffee.com_cleaned.json
https://shop.lhagenda.com/my-account/,FALSE,leadersinheels.com_cleaned.json
https://leanin.org/login?next=https://leanin.org/circles#signin,FALSE,leanincircles.org_cleaned.json
https://learnsheffield.co.uk/Account/Login,FALSE,learnsheffield.co.uk_cleaned.json
https://leconcierge.ci/my-account/,FALSE,leconcierge.ci_cleaned.json
https://www.led-sneakers.com/account/register,FALSE,led-sneakers.com_cleaned.json
https://leftonfriday.com/account/login,FALSE,leftonfriday.com_cleaned.json
https://www.lemlem.com/account/register,FALSE,lemlem.com_cleaned.json
https://leopardboutique.com/account/login,FALSE,leopardboutique.com_cleaned.json
https://www.lezhin.jp/ja/login?redirect=%2Fja#email,FALSE,lezhin.jp_cleaned.json
https://libertycans.net/my-account/,FALSE,libertycans.net_cleaned.json
https://licensemanager.sonicwall.com/servlet/dea/register?sn,FALSE,licensemanager.sonicwall.com_cleaned.json
https://liderlkm.com/my-account/,FALSE,liderlkm.com_cleaned.json
https://enter.lidingoloppet.se/Web/Login.aspx,FALSE,lidingoloppet.se_cleaned.json
https://lifetimesofa.com/my-account/,FALSE,lifetimesofa.com_cleaned.json
https://www.liftislington.org.uk/login?ru=%2f,FALSE,liftislington.org.uk_cleaned.json
https://lila.ink/menu/shop/account/,FALSE,lila.ink_cleaned.json
https://www.liltracker.com/account/login,FALSE,liltracker.com_cleaned.json
https://linkgi.in/login,FALSE,linkgi.in_cleaned.json
https://livresq.com/en/my-account/,FALSE,livresq.com_cleaned.json
https://www.lllreptile.com/login/,FALSE,lllreptile.com_cleaned.json
https://localgiving.org/login,FALSE,localgiving.org_cleaned.json
https://localwiki.org/Users/_register/?next=//localwiki.org/Users/login/,FALSE,localwiki.org_cleaned.json
https://localwiki.org/Users/_register/?next=//localwiki.org/Users/login/,FALSE,localwiki.org_cleaned.json
http://calc.logstor.com/#Login,FALSE,logstor.com_cleaned.json
https://longaberger.com/account/register,FALSE,longaberger.com_cleaned.json
https://www.longtallsally.com/account,FALSE,longtallsally.com_cleaned.json
https://looklet.dozuki.com/Login,FALSE,looklet.com_cleaned.json
https://www.lorientrust.com/my-account/,FALSE,lorientrust.com_cleaned.json
https://www.horizonhobby.com/login#register,FALSE,losi.com_cleaned.json
https://www.lotaburger.com/my-account/,FALSE,lotaburger.com_cleaned.json
https://www.louisianamusicfactory.com/my-account-2/,FALSE,louisianamusicfactory.com_cleaned.json
https://www.lucianabari.com/it-IT/user/login,FALSE,lucianabari.com_cleaned.json
https://dynamic.lunanode.com/signup,FALSE,lunanode.com_cleaned.json
https://www.lungolivignofashion.com/it-IT/user/login,FALSE,lungolivignofashion.com_cleaned.json
https://esp.lusfiber.com/esp/Registration,FALSE,lusfiber.net_cleaned.json
https://lustfulhair.com/account/login,FALSE,lustfulhair.com_cleaned.json
https://www.luxeparty.com/account/login,FALSE,luxeparty.com_cleaned.json
https://app.luxerone.com/manager/managers/login,FALSE,luxerone.com_cleaned.json
https://app.luxerone.com/manager/managers/login,FALSE,luxerone.com_cleaned.json
https://www.mytio.ch/?action=login&redirect=https%3A%2F%2Fm.tio.ch%2F,FALSE,m.tio.ch_cleaned.json
https://www.machsupport.com/my-account/,FALSE,machsupport.com_cleaned.json
https://www.macromicro.me/login?next=/,FALSE,macromicro.me_cleaned.json
https://www.madeformermaids.com/my-account/,FALSE,madeformermaids.com_cleaned.json
https://magnaready.com/account/login,FALSE,magnaready.com_cleaned.json
https://www.magnetenkopen.nl/my-account/,FALSE,magnetenkopen.nl_cleaned.json
https://www.maintenance-wp.com/my-account/,FALSE,maintenance-wp.com_cleaned.json
https://makeandfunstencils.com/account/login,FALSE,makeandfunstencils.com_cleaned.json
https://www.makeupbymario.com/account/login,FALSE,makeupbymario.com_cleaned.json
https://malibeads.com/account/register,FALSE,malibeads.com_cleaned.json
http://malrep.uum.edu.my/rep/MyResearch/UserLogin,FALSE,malrep.uum.edu.my_cleaned.json
https://mamibabi.com.vn/me/login,FALSE,mamibabi.com.vn_cleaned.json
https://portal.managemyhealth.co.nz/m/Main/Login,FALSE,managemyhealth.co.nz_cleaned.json
https://www.manfredijewels.com/account/login,FALSE,manfredijewels.com_cleaned.json
https://mapaca.net/user/login,FALSE,mapaca.net_cleaned.json
https://www.maperformance.com/account/login,FALSE,maperformance.com_cleaned.json
https://maps.aopa.ru/auth/guestScreen/,FALSE,maps.aopa.ru_cleaned.json
https://www.marchesa.com/account/register,FALSE,marchesa.com_cleaned.json
https://mariannedesign.nl/account,FALSE,mariannedesign.nl_cleaned.json
https://marigoldgrey.com/account/login,FALSE,marigoldgrey.com_cleaned.json
https://www.marketviewliquor.com/customer-login,FALSE,marketviewliquor.com_cleaned.json
https://www.marks4wd.com/my-account,FALSE,marks4wd.com_cleaned.json
https://www.marmiton.org/reloaded/users/login,FALSE,marmiton.org_cleaned.json
https://marstar.ca/my-account/,FALSE,marstar.ca_cleaned.json
https://martinlawrence.com/account/login,FALSE,martinlawrence.com_cleaned.json
https://shop.mathgeekmama.com/my-account/courses/,FALSE,mathgeekmama.com_cleaned.json
https://www.matika.in/en/teacher-login.php,FALSE,matika.in_cleaned.json
https://mattecollection.com/account/login,FALSE,mattecollection.com_cleaned.json
https://mattmikulla.com/my-account/,FALSE,mattmikulla.com_cleaned.json
https://www.maxongroup.com/maxon/view/content/login?from=/view/content/index,FALSE,maxongroup.com_cleaned.json
https://www.maxtool.com/account/login,FALSE,maxtool.com_cleaned.json
https://maxtvgo.com/login.php,FALSE,maxtvgo.com_cleaned.json
https://www.maxwarehouse.com/account/register,FALSE,maxwarehouse.com_cleaned.json
https://www.mcaffeine.com/account/login,FALSE,mcaffeine.com_cleaned.json
http://34.234.84.226/index.php/my-account/,FALSE,mcinstitute.org_cleaned.json
https://mcphee.com/account/login,FALSE,mcphee.com_cleaned.json
https://mcphee.com/account/login,FALSE,mcphee.com_cleaned.json
https://www.medievalcollectibles.com/my-account/,FALSE,medievalcollectibles.com_cleaned.json
https://www.medik8.com/account/login,FALSE,medik8.co.uk_cleaned.json
https://www.facebook.com/,FALSE,medium.com_cleaned.json
https://megannielsen.com/account/login,FALSE,megannielsen.com_cleaned.json
https://meivintage.com/account/register,FALSE,meivintage.com_cleaned.json
https://memracing.eu/my-account/,FALSE,memracing.eu_cleaned.json
https://mendo.mk/Register.do,FALSE,mendo.mk_cleaned.json
https://metaqil.com/my-account/,FALSE,metaqil.com_cleaned.json
https://metrozada.com/my-account/,FALSE,metrozada.com_cleaned.json
https://www.mightymitedoggear.com/my-account,FALSE,mightymitedoggear.com_cleaned.json
https://www.mimco.com.au/default.aspx?Z=c&action=displayaccount,FALSE,mimco.com.au_cleaned.json
https://minimalbottle.com/my-account/,FALSE,minimalbottle.com_cleaned.json
https://missmustardseed.com/my-account/,FALSE,missmustardseed.com_cleaned.json
https://mistydaydream.com/my-account/,FALSE,mistydaydream.com_cleaned.json
https://miyool.com/account/login,FALSE,miyool.com_cleaned.json
https://mmfoodmarket.com/en/login,FALSE,mmfoodmarket.com_cleaned.json
https://mobexpert.ro/account/login,FALSE,mobexpert.ro_cleaned.json
https://mobilervmaintenance.co.uk/my-account/,FALSE,mobilervmaintenance.co.uk_cleaned.json
https://www.modboutiquevw.com/account/login,FALSE,modboutiquevw.com_cleaned.json
https://modernanalyst.com/CustomLogin/tabid/130/Default.aspx?returnurl=%2f,FALSE,modernanalyst.com_cleaned.json
https://modernpreschool.com/my-account/,FALSE,modernpreschool.com_cleaned.json
https://bandcamp.com/login,FALSE,mollyburch.bandcamp.com_cleaned.json
https://molodesign.com/my-account/,FALSE,molodesign.com_cleaned.json
https://momstheword.com/account/register,FALSE,momsthewordmaternity.com_cleaned.json
https://www.mondaine.it/login?create_account=1,FALSE,mondaine.it_cleaned.json
https://www.monmouthcoffee.co.uk/your-account/,FALSE,monmouthcoffee.co.uk_cleaned.json
https://www.montecookgames.com/store/my-account/,FALSE,montecookgames.com_cleaned.json
https://www.morehealthinc.org/shop/my-account/,FALSE,morehealthinc.org_cleaned.json
https://www.motosport.com/account/login,FALSE,motosport.com_cleaned.json
https://www.mrandmrssmith.com/login?return=https%3A%2F%2Fwww.mrandmrssmith.com%2F#tab-1,FALSE,mrandmrssmith.com_cleaned.json
https://www.mtmmo.com/login,FALSE,mtmmo.com_cleaned.json
http://www.eas.org.au/members/Account/Login?ReturnUrl=%2fmembers%2fAccount%2fYourDetail,FALSE,mua.org.au_cleaned.json
https://www.mueblehome.es/my-account/,FALSE,mueblehome.es_cleaned.json
https://www.muggyweld.com/my-account/,FALSE,muggyweld.com_cleaned.json
https://www.muraboutique.com.au/account/login,FALSE,muraboutique.com.au_cleaned.json
https://musclemonsters.com/account/register,FALSE,musclemonsters.com_cleaned.json
https://shopmusebyrimo.online/account/login,FALSE,musebyrimo.com_cleaned.json
https://musiceffectdesign.com/my-account/,FALSE,musiceffectdesign.com_cleaned.json
https://my-subs.co/login.html,FALSE,my-subs.co_cleaned.json
https://mybloglicious.com/login?redirect=,FALSE,mybloglicious.com_cleaned.json
https://www.mycentsofstyle.com/account/register,FALSE,mycentsofstyle.com_cleaned.json
https://www.myemailprogram.com/my-account,FALSE,myemailprogram.com_cleaned.json
https://www.mygb.nl/signup.php,FALSE,mygb.nl_cleaned.json
https://www.myhairprint.com/account/login,FALSE,myhairprint.com_cleaned.json
https://www.myhumandesign.com/my-account/?register,FALSE,myhumandesign.com_cleaned.json
https://www.myjoyfilledlife.com/my-account/,FALSE,myjoyfilledlife.com_cleaned.json
https://ws.mymovies.it/profilo/accedi/#login,FALSE,mymovies.it_cleaned.json
https://passport.yandex.ru/auth?origin=home_yandexid&retpath=https%3A%2F%2Fyandex.ru&backpath=https%3A%2F%2Fyandex.ru,FALSE,mypoisk.su_cleaned.json
https://passport.yandex.ru/auth?origin=home_yandexid&retpath=https%3A%2F%2Fyandex.ru&backpath=https%3A%2F%2Fyandex.ru,FALSE,mypoisk.su_cleaned.json
https://www.myrond.com/login/,FALSE,myrond.com_cleaned.json
https://www.myrunningman.com/login,FALSE,myrunningman.com_cleaned.json
https://mysask411.com/account,FALSE,mysask.com_cleaned.json
https://mywearshop.com/my-account/,FALSE,mywearshop.com_cleaned.json
https://naeemkhan.com/account/login,FALSE,naeemkhan.com_cleaned.json
https://naturadapt.com/user/login,FALSE,naturadapt.com_cleaned.json
https://ndtonline.com/login/,FALSE,ndtonline.com_cleaned.json
https://www.nejmcareercenter.org/register/,FALSE,nejmcareercenter.org_cleaned.json
https://nerdgearz.com/account/login,FALSE,nerdgearz.com_cleaned.json
https://www.newamericanjackets.com/my-account,FALSE,newamericanjackets.com_cleaned.json
https://www.newenglandcoffee.com/my-account/,FALSE,newenglandcoffee.com_cleaned.json
https://newgelplus.com/account/login,FALSE,newgelplus.com_cleaned.json
https://nicciskincare.com/account/register,FALSE,nicciskincare.com_cleaned.json
https://www.niccolo-p.com/account/register,FALSE,niccolo-p.com_cleaned.json
https://nikkispopcorn.com/account/login,FALSE,nikkispopcorn.com_cleaned.json
https://www.nilkamalfurniture.com/account/login,FALSE,nilkamalfurniture.com_cleaned.json
https://www.nimble3.com/my-account/,FALSE,nimble3.com_cleaned.json
https://www.ninashoes.com/account/login,FALSE,ninashoes.com_cleaned.json
https://portal.nofraud.com/users/sign_up,FALSE,nofraud.com_cleaned.json
https://www.noigroup.com/my-account/,FALSE,noigroup.com_cleaned.json
https://konto.nok.se/create-account,FALSE,nok.se_cleaned.json
https://nomadtours.co.za/my-account/,FALSE,nomadtours.co.za_cleaned.json
https://northcoastkeyless.com/my-account/,FALSE,northcoastkeyless.com_cleaned.json
http://www.northpole.com/Account/login.asp?child,FALSE,northpole.com_cleaned.json
https://notmyselftoday.ca/login,FALSE,notmyselftoday.ca_cleaned.json
http://nsmu.ru/auth/?register=yes&backurl=%2Findex.php,FALSE,nsmu.ru_cleaned.json
https://www.nsthemes.com/my-account/,FALSE,nsthemes.com_cleaned.json
https://nulcode.net/my-account/,FALSE,nulcode.net_cleaned.json
https://shop.numiscollect.eu/my-account/,FALSE,numiscollect.eu_cleaned.json
https://www.nummero.com/my-account/,FALSE,nummero.com_cleaned.json
https://www.nycjackets.com/my-account/?action=register,FALSE,nycjackets.com_cleaned.json
https://oaktownspiceshop.com/account/login,FALSE,oaktownspiceshop.com_cleaned.json
https://obrienicehouse.com.au/my-account/,FALSE,obrienicehouse.com.au_cleaned.json
https://octobercms.com/account/signin,FALSE,octobercms.com_cleaned.json
https://oddcrew.net/my-account/,FALSE,oddcrew.net_cleaned.json
https://odintsovo.info/back/login-form.asp,FALSE,odintsovo.biz_cleaned.json
https://odonnell.de/account/login,FALSE,odonnell.de_cleaned.json
https://odonnellmoonshine.co.uk/account/login,FALSE,odonnellmoonshine.co.uk_cleaned.json
https://www.ogs.org/my-account/,FALSE,ogs.org_cleaned.json
https://ogtstore.com/account/,FALSE,ogtstore.com_cleaned.json
https://ca.oilperfumery.com/account/login,FALSE,oilperfumery.com_cleaned.json
https://okdhslive.org/AuthApplicantLogin.aspx,FALSE,okdhslive.org_cleaned.json
https://xzblogs.com/login,FALSE,okey-oyna31741.xzblogs.com_cleaned.json
https://oldglory.com/account/register,FALSE,oldglory.com_cleaned.json
https://mooshwalks.com/account/login,FALSE,olgakay.com_cleaned.json
https://oliveandwild.com/account/login,FALSE,oliveandwild.com_cleaned.json
https://www.olly.com/account/login,FALSE,olly.com_cleaned.json
https://omnivorebooks.myshopify.com/account/login,FALSE,omnivorebooks.com_cleaned.json
https://onegreenworld.com/my-account/,FALSE,onegreenworld.com_cleaned.json
https://onlinecbdstore.com/my-account/,FALSE,onlinecbdstore.com_cleaned.json
https://onrax.com/my-account/,FALSE,onrax.com_cleaned.json
https://olportal.ontariolearn.com/login.php,FALSE,ontariolearn.com_cleaned.json
https://onweb.gr/my-account/,FALSE,onweb.gr_cleaned.json
https://www.openandromaps.org/en/oam-register,FALSE,openandromaps.org_cleaned.json
https://orkposters.com/my-account/,FALSE,orkposters.com_cleaned.json
https://www.orvis.com/login,FALSE,orvis.com_cleaned.json
https://www.outdoorsgeek.com/my-account/,FALSE,outdoorsgeek.com_cleaned.json
https://oxygenproducts.co.za/my-account/,FALSE,oxygenproducts.co.za_cleaned.json
https://ozehome.com.au/my-account/?action=customer_login,FALSE,ozehome.com.au_cleaned.json
https://app.pacerpro.com/accounts/sign_up,FALSE,pacerpro.com_cleaned.json
https://app.pacerpro.com/accounts/sign_up,FALSE,pacerpro.com_cleaned.json
https://www.pagesofhackney.co.uk/my-account/,FALSE,pagesofhackney.co.uk_cleaned.json
https://www.pagibigfundservices.com/HLDeveloper/Account/Login.aspx,FALSE,pagibigfundservices.com_cleaned.json
https://www.pagibigfundservices.com/HLDeveloper/Account/Login.aspx,FALSE,pagibigfundservices.com_cleaned.json
https://pangeaonlus.org/account/,FALSE,pangeaonlus.org_cleaned.json
https://papress.com/account/login,FALSE,papress.com_cleaned.json
https://www.parallax.org/my-account/,FALSE,parallax.org_cleaned.json
https://partstore.encompass.com/account,FALSE,partstore.com_cleaned.json
https://www.pastel-beauty.com/my-account/,FALSE,pastel-beauty.com_cleaned.json
https://paulshomemade.com/my-account/,FALSE,paulshomemade.com_cleaned.json
https://www.pawsdogdaycare.ca/my-account/,FALSE,pawsdogdaycare.ca_cleaned.json
https://www.paytakhteketab.com/my-account/,FALSE,paytakhteketab.com_cleaned.json
https://www.pccmarkets.com/my-account/,FALSE,pccmarkets.com_cleaned.json
https://peerlesschain.com/login,FALSE,peerlesschain.com_cleaned.json
https://pelagic-records.com/my-account/,FALSE,pelagic-records.com_cleaned.json
https://www.pennutrition.com/login.aspx?ReturnURL=%2findex.aspx,FALSE,pennutrition.com_cleaned.json
https://account.perchcms.com/,FALSE,perchcms.com_cleaned.json
https://www.percyandreed.com/account/login,FALSE,percyandreed.com_cleaned.json
https://www.perfume-empire.com/account/login,FALSE,perfume-empire.com_cleaned.json
https://www.perfumefactory.com/my-account/,FALSE,perfumefactory.com_cleaned.json
https://www.pethonesty.com/account/login,FALSE,pethonesty.com_cleaned.json
https://www.petitvour.com/account/login,FALSE,petitvour.com_cleaned.json
https://www.petmax.ca/account/login,FALSE,petmax.ca_cleaned.json
https://my-pwsa.sensus-analytics.com/login.html#/signin,FALSE,pgh2o.com_cleaned.json
https://www.pharmiweb.jobs/register/,FALSE,pharmiweb.jobs_cleaned.json
https://philocalyhairextensions.com/account/register,FALSE,philocalyhairextensions.com_cleaned.json
https://photopajamas.com/account/login,FALSE,photopajamas.com_cleaned.json
https://www.photoreview.com.au/my-account/,FALSE,photoreview.com.au_cleaned.json
https://phrozen3d.com/account/login,FALSE,phrozen3d.com_cleaned.json
https://physiclo.com/account/login,FALSE,physiclo.com_cleaned.json
https://www.pianosightreading.com.au/my-account/,FALSE,pianosightreading.com.au_cleaned.json
https://www.pickfu.com/users/sign_in,FALSE,pickfu.com_cleaned.json
https://www.pigeonandpoodle.com/customer/account/create/,FALSE,pigeonandpoodle.com_cleaned.json
https://pineapplepaperco.com/my-account/,FALSE,pineapplepaperco.com_cleaned.json
https://co.pinterest.com/login/,FALSE,pinterest.com_cleaned.json
https://www.piscifun.com/account/register,FALSE,piscifun.com_cleaned.json
https://pizzaskateboards.com/account/login,FALSE,pizzaskateboards.com_cleaned.json
https://www.astralmagick.com/my-account/,FALSE,planforeconomicgrowth.org_cleaned.json
https://www.plasticosydecibelios.com/miembros/login/,FALSE,plasticosydecibelios.com_cleaned.json
https://www.affiliatly.com/af-1011889/affiliate.panel?mode=register,FALSE,platinumtherapylights.com_cleaned.json
https://plau.co/my-account/,FALSE,plau.co_cleaned.json
https://pleper.com/login.php,FALSE,pleper.com_cleaned.json
https://www.pluginhive.com/my-account/,FALSE,pluginhive.com_cleaned.json
https://passport.yandex.ru/auth?origin=plus&retpath=https%3A%2F%2Fplus.yandex.ru%2Fgetplus%3Ftarget%3Dplus-web%26offersBatchId%3D7f4593da-fdf7-4bf7-8cf2-f4a63363309c%26currentOfferPositionId%3Dc1de8b79-b6a1-4d0a-81d5-8fc6ad73ac0c,FALSE,plus.yandex.ru_cleaned.json
https://plushrugs.com/accounts/register/,FALSE,plushrugs.com_cleaned.json
https://www.plyproducts.com/account/login,FALSE,ply90.com_cleaned.json
https://www.pointekonline.com/my-account/,FALSE,pointekonline.com_cleaned.json
http://pokazuha.ru/system/login.cfm,FALSE,pokazuha.ru_cleaned.json
https://pollmill.com/users/sign_in,FALSE,pollmill.com_cleaned.json
https://pollylingu.al/en/login,FALSE,pollylingu.al_cleaned.json
https://pooyano.com/my-account/,FALSE,pooyano.com_cleaned.json
http://extremetracking.com/open?login=porkspin,FALSE,porkspin.com_cleaned.json
https://portal.expeditors.com/expo/signInHelp,FALSE,portal.expeditors.com_cleaned.json
https://members.brsgolf.com/portmarnock/login,FALSE,portmarnockgolfclub.ie_cleaned.json
https://postalhistoryfoundation.org/my-account/,FALSE,postalhistoryfoundation.org_cleaned.json
https://www.powerblanket.com/my-account/,FALSE,powerblanket.com_cleaned.json
https://rtionline.gov.in/RTIMIS/login/index.php,FALSE,powermin.gov.in_cleaned.json
https://www.premierhomeandgifts.com/account/login,FALSE,premierhomeandgifts.com_cleaned.json
https://premiumspores.com/my-account/,FALSE,premiumspores.com_cleaned.json
https://www.prestigeproperty.co.uk/login/,FALSE,prestigeproperty.co.uk_cleaned.json
https://prettykid.com/account/login,FALSE,prettykid.com_cleaned.json
https://www.pricepointny.com/account/login,FALSE,pricepointny.com_cleaned.json
https://www.pricestickers.co.uk/my-account/,FALSE,pricestickers.co.uk_cleaned.json
https://printerpartshop.com/my-account/,FALSE,printerpartshop.com_cleaned.json
https://printstreet.in/my-account/,FALSE,printstreet.in_cleaned.json
https://prioritywinepass.com/my-account/,FALSE,prioritywinepass.com_cleaned.json
https://processtypefoundry.com/shop/?main_page=login,FALSE,processtypefoundry.com_cleaned.json
http://profotos.com/members/login/,FALSE,profotos.com_cleaned.json
https://www.prohoe.com/my-account/,FALSE,prohoe.com_cleaned.json
https://projectkahn.com/account/login?return_url=%2Faccount,FALSE,projectkahn.com_cleaned.json
https://www.projekt.com/store/my-account/,FALSE,projekt.com_cleaned.json
https://www.promate.net/account/login,FALSE,promate.net_cleaned.json
https://www.psindustries.com/cart/my-account/,FALSE,psdoors.com_cleaned.json
https://www.psico.mx/front/user_account/login,FALSE,psico.mx_cleaned.json
https://slodyczula.pl/my-account/,FALSE,pszczelamanufaktura.pl_cleaned.json
https://www.ptboard.com/nlg/login,FALSE,ptboard.com_cleaned.json
https://pulp.ph/my-account/,FALSE,pulp.ph_cleaned.json
https://puredesire.org/my-account/,FALSE,puredesire.org_cleaned.json
https://pureejuicebar.com/account/register,FALSE,pureejuicebar.com_cleaned.json
https://pushlabs.co/my-account/,FALSE,pushlabs.co_cleaned.json
https://qgallery.com.au/my-account/,FALSE,qgw.com.au_cleaned.json
https://www.quadlockcase.com/account/login,FALSE,quadlockcase.com_cleaned.json
https://www.quadlockcase.com.au/account/login,FALSE,quadlockcase.com.au_cleaned.json
http://www.quizmall.co.kr/p/member/login/power_login.php,FALSE,quizmall.co.kr_cleaned.json
https://quranonline.net/user/auth/,FALSE,quranonline.net_cleaned.json
https://r-karbid.com/my-account/,FALSE,r-karbid.com_cleaned.json
https://rafaelos.com/account/login,FALSE,rafaelos.com_cleaned.json
https://ranajewelry.com/my-account/,FALSE,ranajewelry.com_cleaned.json
https://randomstatic.net/my-account/,FALSE,randomstatic.net_cleaned.json
http://raovat.vn/login/,FALSE,raovat.vn_cleaned.json
https://ratemyserver.net/index.php?page=login,FALSE,ratemyserver.net_cleaned.json
https://www.ravewonderland.com/account/login,FALSE,ravewonderland.com_cleaned.json
https://rctn.org.uk/my-account/,FALSE,rctn.org.uk_cleaned.json
https://realkorea.ru/auth/?register=yes&backurl=/,FALSE,realkorea.ru_cleaned.json
https://www.rechtsanwalt.com/account/bestellungen,FALSE,rechtsanwalt.com_cleaned.json
https://www.rsavvy.com/clientaccess/newlogin.php,FALSE,recruitsavvy.com_cleaned.json
https://www.redartgames.com/login?create_account=1,FALSE,redartgames.com_cleaned.json
https://redboatfishsauce.com/account/login,FALSE,redboatfishsauce.com_cleaned.json
https://www.redbullbragantinoexperience.com/Login/Login,FALSE,redbullbragantino.com.br_cleaned.json
https://redfox.global/my-account/,FALSE,redfox.global_cleaned.json
https://redirect.bigoven.com/Account/Login,FALSE,redirect.bigoven.com_cleaned.json
https://www.redlightcenter.com/Login.aspx,FALSE,redlightcenter.com_cleaned.json
https://www.redpillpress.com/my-account/,FALSE,redpillpress.com_cleaned.json
https://fms.redseafilmfest.com/website/login.php?lang=en,FALSE,redseafilmfest.com_cleaned.json
https://www.american-giant.com/account/login,FALSE,refer.american-giant.com_cleaned.json
https://refirekitchen.ca/account/login,FALSE,refirekitchen.ca_cleaned.json
https://www.regalrose.co.uk/account/login,FALSE,regalrose.co.uk_cleaned.json
https://www.reklamation24.de/registrieren-unternehmen,FALSE,reklamieren24.de_cleaned.json
https://relaxkids.com/store/my-account/,FALSE,relaxkids.com_cleaned.json
https://www.renehersecycles.com/my-account/,FALSE,renehersecycles.com_cleaned.json
https://resinpro.es/my-account/,FALSE,resinpro.es_cleaned.json
https://www.resinpro.it/my-account/,FALSE,resinpro.it_cleaned.json
https://retailer-fashion-ultimate.myshopify.com/account/register,FALSE,retailer-fashion-ultimate.myshopify.com_cleaned.json
https://www.ricardobeverlyhills.com/account/register,FALSE,ricardobeverlyhills.com_cleaned.json
https://www.teacherease.com/common/login.aspx,FALSE,richlandbears.us_cleaned.json
https://www.teacherease.com/common/login.aspx,FALSE,richlandbears.us_cleaned.json
https://www.ridgeview.co.uk/my-account/,FALSE,ridgeview.co.uk_cleaned.json
https://www.riemerlaw.com/employee-login/,FALSE,riemerlaw.com_cleaned.json
https://ritonoptics.com/my-account/,FALSE,ritonoptics.com_cleaned.json
https://riverbendhome.com/account/login,FALSE,riverbendhome.com_cleaned.json
https://shop.rivercanalrescue.co.uk/Login.aspx,FALSE,rivercanalrescue.co.uk_cleaned.json
https://www.rocketprices.com/login,FALSE,rocketprices.com_cleaned.json
https://roidsmall.to/login,FALSE,roidsmall.to_cleaned.json
https://rootsmusicreport.com/users/account,FALSE,rootsmusicreport.com_cleaned.json
https://roshnisanghvi.com/account/login,FALSE,roshnisanghvi.com_cleaned.json
https://roundicons.com/register/,FALSE,roundicons.com_cleaned.json
https://members.brsgolf.com/portrush/login,FALSE,royalportrushgolfclub.com_cleaned.json
https://rrlotion.com/my-account/,FALSE,rrlotion.com_cleaned.json
https://rsregulate.com/my-account/,FALSE,rsregulate.com_cleaned.json
http://rss.ighome.com/login.aspx,FALSE,rss.ighome.com_cleaned.json
https://www.rtautomation.com/my-account/,FALSE,rtautomation.com_cleaned.json
https://accounts.trovit.com/?cod=check_login&url=https%3A%2F%2Frumah.trovit.co.id%2Findex.php%2Fcod.mail_preferences&language=id_ID&,FALSE,rumah.trovit.co.id_cleaned.json
https://www.russomusic.com/account/login,FALSE,russomusic.com_cleaned.json
https://www.rvusa.com/myrvusa-sign-in?return_url=%2f,FALSE,rvusa.com_cleaned.json
https://www.safiir.com/my-account/,FALSE,safiir.com_cleaned.json
https://www.saintbernard.com/account/register,FALSE,saintbernard.com_cleaned.json
https://salemymachine.com/User/login,FALSE,salemymachine.com_cleaned.json
https://www.saltrock.com/account/login,FALSE,saltrock.com_cleaned.json
https://samelizabethdesign.com/account/register,FALSE,samelizabethdesign.com_cleaned.json
https://www.womensfestival.eu/my-account/,FALSE,sapphowomen.org_cleaned.json
https://savingdinner.com/my-account/,FALSE,savingdinner.com_cleaned.json
https://www.sbdesignscreations.nl/mijn-account/,FALSE,sbdesignscreations.nl_cleaned.json
https://www.scholat.com/login.html?source=pc,FALSE,scholat.com_cleaned.json
https://schweitzerlinen.com/login,FALSE,schweitzerlinen.com_cleaned.json
http://www.scrabulizer.com/user/login?return_to=%2F,FALSE,scrabulizer.com_cleaned.json
https://sealskincovers.com/account/register,FALSE,sealskincovers.com_cleaned.json
https://www.seeds-gallery.shop/en/login?create_account=1,FALSE,seeds-gallery.shop_cleaned.json
https://seedsherenow.com/my-account/#register,FALSE,seedsherenow.com_cleaned.json
https://www.seniorlivingmag.com/my-account/,FALSE,seniorlivingmag.com_cleaned.json
https://www.seragyi.com/account/login,FALSE,seragyi.com_cleaned.json
https://shop.seriouspoulp.com/us/login?create_account=1,FALSE,seriouspoulp.com_cleaned.json
https://www.serverbasket.ae/my-account,FALSE,serverbasket.ae_cleaned.json
https://sevencups.com/shop/my-account/,FALSE,sevencups.com_cleaned.json
https://sewlikemymom.com/my-account/,FALSE,sewlikemymom.com_cleaned.json
https://www.shanidarden.com/account/login,FALSE,shanidarden.onlybusiness.com_cleaned.json
https://shariati-tc.com/my-account/?register,FALSE,shariati-tc.com_cleaned.json
https://sharingkindergarten.com/shop/my-account/downloads/,FALSE,sharingkindergarten.com_cleaned.json
https://www.sharkclean.com/myaccount/accountsettings/create,FALSE,sharkclean.com_cleaned.json
https://shella.mpthemes.net/account/login,FALSE,shella-demo3.myshopify.com_cleaned.json
https://shepherdsdream.com/my-account/,FALSE,shepherdsdream.com_cleaned.json
http://shewhobakes.co.uk/my-account/,FALSE,shewhobakes.co.uk_cleaned.json
https://www.shingetsuresearch.com/my-account/,FALSE,shingetsuresearch.com_cleaned.json
https://shirtz.cool/account/login,FALSE,shirtz.cool_cleaned.json
https://www.shivangiclothing.com/account/login,FALSE,shivangiclothing.com_cleaned.json
https://shop-resa.com/account/login,FALSE,shop-resa.com_cleaned.json
https://shop.afrocanfit.com/my-account/,FALSE,shop.afrocanfit.com_cleaned.json
https://shop.inux3d.com/en/login?create_account=1,FALSE,shop.inux3d.com_cleaned.json
https://shop.ncodetechnologies.com/my-account/,FALSE,shop.ncodetechnologies.com_cleaned.json
https://shop.rivercanalrescue.co.uk/Login.aspx?returnurl=%2fSecure%2fDashboard.aspx,FALSE,shop.rivercanalrescue.co.uk_cleaned.json
https://candorthreads.com/my-account/,FALSE,shop4ties.com_cleaned.json
https://shopatbrick.com/account/login,FALSE,shopatbrick.com_cleaned.json
https://www.shophopes.com/account/login,FALSE,shophopes.com_cleaned.json
https://www.shopkees.com/global-en/login?next_to=https://www.shopkees.com/global-en/,FALSE,shopkees.com_cleaned.json
https://shopluvb.com/account/login,FALSE,shopluvb.com_cleaned.json
https://shopmercy.org/customer/account/create/,FALSE,shopmercy.org_cleaned.json
https://www.shopmissa.com/account/register,FALSE,shopmissa.com_cleaned.json
https://shopontheborderlands.co.uk/my-account/,FALSE,shopontheborderlands.co.uk_cleaned.json
https://shopstaxx.com/account/login,FALSE,shopstaxx.com_cleaned.json
https://shopvernacular.com/account/register,FALSE,shopvernacular.com_cleaned.json
https://shoshanna.com/account/login,FALSE,shoshanna.com_cleaned.json
https://app.signalvine.com/auth/login,FALSE,signalvine.com_cleaned.json
https://silhouetteblue.com/account/login,FALSE,silhouetteblue.com_cleaned.json
https://www.siliconwives.com/account/login,FALSE,siliconwives.com_cleaned.json
https://www.simplestories.com/account/login,FALSE,simplestories.com_cleaned.json
https://simply-docs.co.uk/Login,FALSE,simply-docs.co.uk_cleaned.json
https://www.simplyduty.com/register/,FALSE,simplyduty.com_cleaned.json
https://siscoberluti.com/account/login,FALSE,siscoberluti.com_cleaned.json
https://www.sishair.com/my-account/,FALSE,sishair.com_cleaned.json
https://www.skidsteers.com/customer/register/,FALSE,skidsteers.com_cleaned.json
https://www.skingymco.com/account/register,FALSE,skingymco.com_cleaned.json
http://www.skladcom.ru/registration.aspx,FALSE,skladcom.ru_cleaned.json
https://skmanorhill.com/account/login,FALSE,skmanorhill.com_cleaned.json
https://skyjacker.com/my-account/,FALSE,skyjacker.com_cleaned.json
https://slinkjeans.com/account/login,FALSE,slinkjeans.com_cleaned.json
https://www.smallable.com/en/register,FALSE,smallable.com_cleaned.json
https://www.snowyee.com/account/login,FALSE,snowyee.com_cleaned.json
https://socalgroomingco.com/my-account/,FALSE,socalgroomingco.com_cleaned.json
https://soeyewear.com/Member/Login?t=optometrist,FALSE,soeyewear.com_cleaned.json
https://b2b.sokolov.ru/login,FALSE,sokolov.ru_cleaned.json
https://solarinnovations.com/wp-login.php?action=register,FALSE,solarinnovations.com_cleaned.json
https://www.soniceditions.com/my-account,FALSE,soniceditions.com_cleaned.json
https://sonoire.com.au/account/login,FALSE,sonoire.com.au_cleaned.json
https://sonyadakar.com/account/login,FALSE,sonyadakar.com_cleaned.json
https://sos-safety.com/my-account/,FALSE,sos-safety.com_cleaned.json
https://www.souljoels.com/my-account/,FALSE,souljoels.com_cleaned.json
https://www.soundohm.com/auth,FALSE,soundohm.com_cleaned.json
https://www.southeastlabels.co.uk/my-account/,FALSE,southeastlabels.co.uk_cleaned.json
https://www.southparadeclothing.com/account/login,FALSE,southparadeclothing.com_cleaned.json
https://southpasadenan.com/my-account/,FALSE,southpasadenan.com_cleaned.json
https://www.giftchill.co.uk/my-account/,FALSE,spamfreexxx.com_cleaned.json
https://www.giftchill.co.uk/my-account/,FALSE,spamfreexxx.com_cleaned.json
https://spartan-shop.com/account/login,FALSE,spartan-shop.com_cleaned.json
https://www.spiffyspools.com/my-account/,FALSE,spiffyspools.com_cleaned.json
https://www.spinealign.com/account/login,FALSE,spinealign.com_cleaned.json
https://www.spinnakerboutique.com/it-IT/user/login?usertype=guest,FALSE,spinnakerboutique.com_cleaned.json
https://www.spinnakerboutique.com/it-IT/user/login,FALSE,spinnakerboutique.it_cleaned.json
https://www.sportique.com/account/login,FALSE,sportique.com_cleaned.json
https://www.sportsmanskihaus.com/login.cfm,FALSE,sportsmanskihaus.com_cleaned.json
https://www.sslcert.co.kr/account/login,FALSE,sslcert.co.kr_cleaned.json
https://stadtbau-wuerzburg-crmportal.aareon.com/site/mieterlogin/Anmeldung,FALSE,stadtbau-wuerzburg.de_cleaned.json
https://starlightkratom.com/my-account/,FALSE,starlightkratom.com_cleaned.json
https://www.stashtea.com/account/login,FALSE,stashtea.com_cleaned.json
https://www.stateofescape.com/account/login,FALSE,stateofescape.com_cleaned.json
https://passport.yandex.ru/auth?retpath=https%3A%2F%2Fyandex.ru%2Fdev%2Fjslibs%2F,FALSE,static.yandex.sx_cleaned.json
https://passport.yandex.ru/auth?retpath=https%3A%2F%2Fyandex.ru%2Fdev%2Fjslibs%2F,FALSE,static.yandex.sx_cleaned.json
https://passport.yandex.ru/auth?retpath=https%3A%2F%2Fyandex.ru%2Fdev%2Fjslibs%2F,FALSE,static.yandex.sx_cleaned.json
https://www.statusanxiety.com.au/account/register,FALSE,statusanxiety.com.au_cleaned.json
https://stauff.com/en/login,FALSE,stauff.com_cleaned.json
https://stayathomeeducator.com/my-account/,FALSE,stayathomeeducator.com_cleaned.json
https://stellabooks.com/login?login=true,FALSE,stellabooks.com_cleaned.json
https://stevepieczenik.com/my-account/,FALSE,stevepieczenik.com_cleaned.json
https://www.stf.tech/account/login,FALSE,stf.tech_cleaned.json
https://www.artoflivingstore.us/account/login,FALSE,store.artofliving.org_cleaned.json
https://biomasssparesonline.co.uk/account/register,FALSE,store.myriadproducts.co.uk_cleaned.json
https://store.steiner-optics.com/account/login,FALSE,store.steiner-optics.com_cleaned.json
https://store.unionlosangeles.com/account/login,FALSE,store.unionlosangeles.com_cleaned.json
https://www.stormtech.ca/account/register,FALSE,stormtech.ca_cleaned.json
https://strannik-2.ru/index.php/component/users/?view=registration&Itemid=101,FALSE,strannik-2.ru_cleaned.json
https://stringharvest.com.au/account/register,FALSE,stringharvest.com.au_cleaned.json
https://evertz.com/support/product-information/?Register,FALSE,studer.ch_cleaned.json
https://www.styched.ae/account/register,FALSE,styched.ae_cleaned.json
https://www.submissionmonster.com/login-register.php?pid=5-monthly-urls,FALSE,submissionmonster.com_cleaned.json
https://tickets.summerhall.co.uk/login/,FALSE,summerhall.co.uk_cleaned.json
https://www.sunpentown.com/my-account/,FALSE,sunpentown.com_cleaned.json
https://www.sunwize.com/my-account/,FALSE,sunwize.com_cleaned.json
https://supplementsdirect.ca/my-account/orders/,FALSE,supplementsdirect.ca_cleaned.json
https://surau.co/my-account/,FALSE,surau.co_cleaned.json
https://surfmonk.com/account/login,FALSE,surfmonk.com_cleaned.json
https://www.survivorfitness.com/my-account/,FALSE,survivorbootcamp.com_cleaned.json
https://sw1shop.com/account/register,FALSE,sw1shop.com_cleaned.json
https://www.swiatobrazu.pl/login#rejestracja,FALSE,swiatobrazu.pl_cleaned.json
https://www.taiwangun.com/users/login/language:eng,FALSE,taiwangun.com_cleaned.json
https://tallmac.ee/my-account-2/,FALSE,tallmac.ee_cleaned.json
https://www.tandemcoffee.com/account/login,FALSE,tandemcoffee.com_cleaned.json
https://www.tanyamoss.com/account/login,FALSE,tanyamoss.com_cleaned.json
https://tarinatarantino.com/account/login,FALSE,tarinatarantino.com_cleaned.json
https://www.teachingandtapas.com/my-account,FALSE,teachingandtapas.com_cleaned.json
https://www.teachingprofessor.com/login/,FALSE,teachingprofessor.com_cleaned.json
https://www.techiya.in/my-account/,FALSE,techiya.in_cleaned.json
https://www.technicadelarte.com/my-account/,FALSE,technicadelarte.com_cleaned.json
https://www.tenderdetail.com/Account/LogOn,FALSE,tenderdetail.com_cleaned.json
https://tesco-usa.com/my-account/,FALSE,tesco-distro.com_cleaned.json
https://www.the-citizenry.com/account/login,FALSE,the-citizenry.com_cleaned.json
https://www.theapartmentcosenza.com/it-IT/user/login,FALSE,theapartmentcosenza.com_cleaned.json
https://thedorkden.com/account/login,FALSE,thedorkden.com_cleaned.json
https://thefaceshop.com.sg/my-account/,FALSE,thefaceshop.com.sg_cleaned.json
https://thefeatherjunkie.com/account/login,FALSE,thefeatherjunkie.com_cleaned.json
https://www.thegiantpeach.com/account/login,FALSE,thegiantpeach.com_cleaned.json
https://www.thegreatfroglondon.com/shop/my-account/,FALSE,thegreatfroglondon.com_cleaned.json
https://www.theliterarygiftcompany.com/account/login,FALSE,theliterarygiftcompany.com_cleaned.json
https://thelittlegreenbean.com/account/login,FALSE,thelittlegreenbean.com_cleaned.json
https://theluxpuff.com/my-account/,FALSE,theluxpuff.com_cleaned.json
https://www.theme-file.ir/my-account/,FALSE,theme-file.ir_cleaned.json
https://themepacific.com/my-account/,FALSE,themepacific.com_cleaned.json
https://themepalace.com/my-account/,FALSE,themepalace.com_cleaned.json
https://www.themepoints.com/my-account/,FALSE,themepoints.com_cleaned.json
https://www.themeqx.com/my-account/,FALSE,themeqx.com_cleaned.json
https://www.themoviefashion.com/my-account/,FALSE,themoviefashion.com_cleaned.json
https://www.theottoolbox.com/my-account/orders/,FALSE,theottoolbox.com_cleaned.json
https://www.thephuketnews.com/login.php,FALSE,thephuketnews.com_cleaned.json
https://www.theproscloset.com/account/register,FALSE,theproscloset.com_cleaned.json
https://www.therockboxstore.com/account/register,FALSE,therockboxstore.com_cleaned.json
https://theswaddlepro.com/account/login,FALSE,theswaddlepro.com_cleaned.json
https://www.thewhiskyworks.com/accounts-and-orders/?checkout=true,FALSE,thewhiskyworks.com_cleaned.json
https://www.thewrightbrothersusa.com/account/login,FALSE,thewrightbrothersusa.com_cleaned.json
https://www.threshold-lovers.com/log-in/,FALSE,threshold-lovers.com_cleaned.json
https://www.thrifted.com/account/login,FALSE,thrifted.com_cleaned.json
https://www.tingleyrubber.com/account/login,FALSE,tingleyrubber.com_cleaned.json
https://tipitinasrecordclub.com/account/register,FALSE,tipitinasrecordclub.com_cleaned.json
https://tisserandinstitute.org/my-account/,FALSE,tisserandinstitute.org_cleaned.json
https://tissura.com/signin,FALSE,tissura.com_cleaned.json
https://titanquest.org.ua/register,FALSE,titanquest.org.ua_cleaned.json
https://www.tmtko.com/login,FALSE,tmtko.com_cleaned.json
https://www.tofler.in/login?redirecturl=/start360litetrial,FALSE,tofler.in_cleaned.json
https://tomandteddy.co.uk/account/register,FALSE,tomandteddy.co.uk_cleaned.json
https://www.tonicvibes.com/my-account/,FALSE,tonicvibes.com_cleaned.json
https://www.tooltique.co.uk/my-account/,FALSE,tooltique.co.uk_cleaned.json
https://topatoco.com/account/login,FALSE,topatoco.com_cleaned.json
http://torrentinvites.org/register.php,FALSE,torrentinvites.org_cleaned.json
https://totalgpl.com/my-account/,FALSE,totalgpl.com_cleaned.json
https://totoscan.com/bbs/totoscan_register.php,FALSE,totoscan.com_cleaned.json
https://www.townsends.us/account/login,FALSE,townsends.us_cleaned.json
https://www.townsends.us/account/login,FALSE,townsends.us_cleaned.json
https://www.tpsupplyco.com/my-account/,FALSE,tpsupplyco.com_cleaned.json
https://trackrecon.co.za/shop/my-account/,FALSE,trackrecon.co.za_cleaned.json
https://www.trade-copier.com/index.php/component/users/?view=login&Itemid=101&,FALSE,trade-copier.com_cleaned.json
https://tradertv.live/signup/,FALSE,tradertv.live_cleaned.json
https://trailtough.com/my-account/,FALSE,trailtough.com_cleaned.json
https://passport.translate.ru/account/login?parentUrl=https%3A%2F%2Fwww.translate.ru&lang=ru,FALSE,translate.ru_cleaned.json
https://passport.yandex.ru/auth?mode=add-user&retpath=https%3A%2F%2Ftranslate.yandex.ru%2F,FALSE,translate.yandex.ru_cleaned.json
https://www.transportcycle.com/account/register/,FALSE,transportcycle.com_cleaned.json
https://trashy.com/account/login,FALSE,trashy.com_cleaned.json
https://www.travel365.it/registrati/,FALSE,travel365.it_cleaned.json
https://www.travelcountry.com/shop/Action/Account_Show,FALSE,travelcountry.com_cleaned.json
https://tredicishop.ch/my-account/,FALSE,tredicishop.ch_cleaned.json
https://treeliciousorchards.com/my-account/,FALSE,treeliciousorchards.com_cleaned.json
https://tribest.com/account/login,FALSE,tribest.com_cleaned.json
https://www.trinaturk.com/account/login,FALSE,trinaturk.com_cleaned.json
http://tritontrollius.com/Account/Login,FALSE,tritontrollius.com_cleaned.json
https://tropeaka.com.au/account/login,FALSE,tropeaka.com.au_cleaned.json
https://trumpetandhorn.com/account/login,FALSE,trumpetandhorn.com_cleaned.json
https://www.schoolinsight.com/common/login.aspx,FALSE,tsas.org_cleaned.json
https://tsgwm.com/login/,FALSE,tsgwm.com_cleaned.json
https://tshirt-factory.com/index.php?dispatch=auth.login_form&return_url=index.php,FALSE,tshirt-factory.com_cleaned.json
https://tucano.com/usa/login?create_account=1,FALSE,tucano.com_cleaned.json
http://www.exoslim.tuiasi.ro/index.php/en/component/users/?view=registration,FALSE,tuiasi.ro_cleaned.json
http://tumimusic.com/store/login/,FALSE,tumimusic.com_cleaned.json
https://www.car.co.uk/sign-in,FALSE,tuninglinx.com_cleaned.json
https://www.tupperware.com/account/register,FALSE,tupperware.com_cleaned.json
http://turbobg.com/login.php,FALSE,turbobg.com_cleaned.json
https://portal.twirll.com/register.html,FALSE,twirll.com_cleaned.json
https://ugearsmodels.us/my-account/,FALSE,ugearsmodels.us_cleaned.json
https://lk.uk-kupelinka.ru/login,FALSE,uk-kupelinka.ru_cleaned.json
https://ultrasabers.com/my-account/,FALSE,ultrasabers.com_cleaned.json
https://www.ultratecusa.com/my-account/,FALSE,ultratecusa.com_cleaned.json
https://unbound.ie/account/register,FALSE,unbound.ie_cleaned.json
https://www.understanding-jewellery.com/my-account/,FALSE,understanding-jewellery.com_cleaned.json
https://www.unikainfocom.in/shop/my-account/,FALSE,unikainfocom.in_cleaned.json
https://www.unitedstatesmask.com/account/login,FALSE,unitedstatesmask.com_cleaned.json
https://upandrunning.co.uk/account/login,FALSE,upandrunning.co.uk_cleaned.json
https://www.upstartdigitalmarketingagency.in/my-account/,FALSE,upstartdigitalmarketingagency.in_cleaned.json
https://www.urbantool.com/en/my-account/,FALSE,urbantool.com_cleaned.json
https://us.medik8.com/account/login,FALSE,us.medik8.com_cleaned.json
https://www.usstove.com/my-account/,FALSE,usstove.com_cleaned.json
https://uzsoft.uz/my-account/,FALSE,uzsoft.uz_cleaned.json
https://v-dog.com/account/login,FALSE,v-dog.com_cleaned.json
https://www.vacat.nl/account-login/?next=%2F,FALSE,vacat.nl_cleaned.json
https://valueassignmenthelp.com/user-login,FALSE,valueassignmenthelp.com_cleaned.json
https://vanas.store/account/login,FALSE,vanas.store_cleaned.json
https://www.vaps.vic.edu.au/my-account/,FALSE,vaps.vic.edu.au_cleaned.json
https://vardomania.ge/my-account/,FALSE,vardomania.ge_cleaned.json
https://www.vbhc.nl/login/,FALSE,vbhc.nl_cleaned.json
https://www.vegascreativesoftware.info/us/sign-in-register/,FALSE,vegascreativesoftware.info_cleaned.json
https://ventura-bike.co.uk/account/login,FALSE,ventura-bike.co.uk_cleaned.json
https://www.vetrxdirect.com/account/view,FALSE,vetrxdirect.com_cleaned.json
https://vibronics.co.uk/my-account/,FALSE,vibronics.co.uk_cleaned.json
https://www.viewneo.com/login,FALSE,viewneo.com_cleaned.json
https://villagevanguard.com/my-account,FALSE,villagevanguard.com_cleaned.json
https://vimeo.com/join,FALSE,vimeo.com_cleaned.json
https://vinegarsyndrome.com/account/login,FALSE,vinegarsyndrome.com_cleaned.json
https://vinnies.nyc/account/register,FALSE,vinnies.nyc_cleaned.json
https://vintagefloralboutique.com/account/login,FALSE,vintagefloralboutique.com_cleaned.json
https://vir.com.vn/registration,FALSE,vir.com.vn_cleaned.json
https://www.vitaminaswim.com/account/register,FALSE,vitaminaswim.com_cleaned.json
https://vitaskinspa.co.uk/my-account/,FALSE,vitaskinspa.co.uk_cleaned.json
https://www.vizio.com/en/account/login,FALSE,vizio.com_cleaned.json
https://passport.vmmo.ru/pages/RegistrationPage,FALSE,vmmo.ru_cleaned.json
https://vodalend.vodacombusiness.co.za/Account/Login,FALSE,vodalend.vodacombusiness.co.za_cleaned.json
https://volleycountry.com/my-account,FALSE,volleycountry.com_cleaned.json
https://voyo.protv.ro/login?back_url=https%3A%2F%2Fvoyo.protv.ro%2F,FALSE,voyo.ro_cleaned.json
https://vrolijk.nu/mijn-account/,FALSE,vrolijk.nu_cleaned.json
https://vsco.co/user/login,FALSE,vsco.co_cleaned.json
https://vsco.co/user/login,FALSE,vsco.co_cleaned.json
https://vsco.co/user/login,FALSE,vsco.co_cleaned.json
https://vsco.co/user/login,FALSE,vsco.co_cleaned.json
https://vsco.co/user/login,FALSE,vsco.co_cleaned.json
https://vsco.co/user/login,FALSE,vsco.co_cleaned.json
https://vsco.co/user/login,FALSE,vsco.co_cleaned.json
https://vsco.co/user/login,FALSE,vsco.co_cleaned.json
https://vsco.co/user/login,FALSE,vsco.co_cleaned.json
https://vsco.co/user/login,FALSE,vsco.co_cleaned.json
https://vuoriclothing.com/account/register,FALSE,vuori-clothing.myshopify.com_cleaned.json
https://wallz.ir/my-account/,FALSE,wallz.ir_cleaned.json
https://wanandroid.com/login,FALSE,wanandroid.com_cleaned.json
https://www.wargamesemporium.co.uk/account/login,FALSE,wargamesemporium.co.uk_cleaned.json
https://waterinmotion.com/my-account/,FALSE,waterinmotion.com_cleaned.json
http://wbpar.gov.in/admin/login2.php,FALSE,wbpar.gov.in_cleaned.json
https://wcfmmp.wcfmdemos.com/my-account/?v=dc22bee690b7,FALSE,wcfmmp.wcfmdemos.com_cleaned.json
https://www.wearablex.com/account/login,FALSE,wearablex.com_cleaned.json
https://wearbracha.com/account/login,FALSE,wearbracha.com_cleaned.json
https://www.weareunderground.com/account/login,FALSE,weareunderground.com_cleaned.json
https://www.weareunderground.com/account/login,FALSE,weareunderground.com_cleaned.json
https://wearmywardrobeout.com/account/login,FALSE,wearmywardrobeout.com_cleaned.json
https://my-wfrd.sensus-analytics.com/login.html#/signin,FALSE,weatherfordtx.gov_cleaned.json
https://webcollect.org.uk/mem/index.php?page=login&action=login.sign_in_or_sign_up,FALSE,webcollect.org.uk_cleaned.json
https://software.informer.com/login.php,FALSE,webpicturecreator.com_cleaned.json
https://webukatu.com/auth,FALSE,webukatu.com_cleaned.json
https://www.wellspringcbd.com/my-account/,FALSE,wellspringcbd.com_cleaned.json
https://secure.phonepower.com/Account/BroadvoiceLogin.aspx,FALSE,wenet.net_cleaned.json
https://secure.phonepower.com/Account/BroadvoiceLogin.aspx,FALSE,wenet.net_cleaned.json
https://www.wenjr.com/my-account/,FALSE,wenjr.com_cleaned.json
https://whishbody.com/account/login,FALSE,whishbody.com_cleaned.json
https://www.whitecloudelectroniccigarettes.com/account/login,FALSE,whitecloudelectroniccigarettes.com_cleaned.json
https://whitefoxboutique.com/account/login,FALSE,whitefoxboutique.com_cleaned.json
https://whitefoxboutique.com.au/account/register,FALSE,whitefoxboutique.com.au_cleaned.json
https://www.whitenwild.ca/my-account/,FALSE,whitenwild.ca_cleaned.json
https://wildairskincare.com/account/login,FALSE,wildairskincare.com_cleaned.json
https://wildone.com/account/login,FALSE,wildone.com_cleaned.json
https://wildwoodguitars.com/my-account/,FALSE,wildwoodguitars.com_cleaned.json
https://www.williescacao.com/shop/my-account/,FALSE,williescacao.com_cleaned.json
https://shop.wine2go.co/account/login,FALSE,wine2go.co_cleaned.json
https://wineculture.com.sg/my-account,FALSE,wineculture.com.sg_cleaned.json
https://winelibrary.com/sign_in,FALSE,winelibrary.com_cleaned.json
https://auth.wingz.me/auth/signin,FALSE,wingz.me_cleaned.json
https://wisdomhatch.com/my-account/,FALSE,wisdomhatch.com_cleaned.json
https://www.wishpony.com/my-account/,FALSE,wishpony.com_cleaned.json
https://www.wobblywalk.com/account/login,FALSE,wobblywalk.com_cleaned.json
https://www.wondercide.com/account/login,FALSE,wondercide.com_cleaned.json
https://woodycandy.com/my-account/?v=7516fd43adaa,FALSE,woodycandy.com_cleaned.json
https://woodyshaw.com/account/login,FALSE,woodyshaw.com_cleaned.json
https://www.workhere.co.nz/log-in,FALSE,workhere.co.nz_cleaned.json
https://www.worldlandtrust.org/my-account/,FALSE,worldlandtrust.org_cleaned.json
https://wp-hide.com/my-account/,FALSE,wp-hide.com_cleaned.json
https://wpglobus.com/my-account/,FALSE,wpglobus.com_cleaned.json
https://wpsharks.com/my-account,FALSE,wpsharks.com_cleaned.json
https://wrapables.com/account/login,FALSE,wrapables.com_cleaned.json
https://write-mentor.com/my-account/,FALSE,write-mentor.com_cleaned.json
http://ws.nju.edu.cn/wiki/Login.jsp?redirect=Websoft,FALSE,ws.nju.edu.cn_cleaned.json
https://mieter.wsg-wohnen.de/site/mieterlogin/Anmeldung,FALSE,wsg-wohnen.de_cleaned.json
https://www.x-sense.com/account/login,FALSE,x-sense.com_cleaned.json
https://www.xirena.com/account/register,FALSE,xirena.com_cleaned.json
https://passport.yandex.ru/auth?origin=home_disk&retpath=https%3A%2F%2Fdisk.yandex.ru%2F%3Fsource%3Ddomik-main&backpath=https%3A%2F%2Fwww.yandex.ru,FALSE,xn--d1acpjx3f.xn--p1ai_cleaned.json
http://www.xzj.mobi/zb_system/login.asp,FALSE,xzj.mobi_cleaned.json
https://login.yahoo.com/?.lang=en-US&.done=https%3A%2F%2Fwww.yahoo.com&activity=strm-filter-signin&pspid=2023538075&src=homepage-filters,FALSE,yahoo.com_cleaned.json
https://login.yahoo.com/?.lang=en-US&.done=https%3A%2F%2Fwww.yahoo.com&activity=strm-filter-signin&pspid=2023538075&src=homepage-filters,FALSE,yahoo.com_cleaned.json
https://passport.yandex.ru/auth?mode=auth&retpath=https%3A%2F%2Ftravel.yandex.ru%2Favia%2F,FALSE,yandex.aero_cleaned.json
https://passport.yandex.fr/auth?retpath=https://mail.yandex.fr&backpath=https://yandex.fr&new=1,FALSE,yandex.fr_cleaned.json
https://www.yearroundhomeschooling.com/my-account/,FALSE,yearroundhomeschooling.com_cleaned.json
https://yeskangaroo.com/my-account/,FALSE,yeskangaroo.com_cleaned.json
https://www.yollando.com/en/register/,FALSE,yollando.com_cleaned.json
https://www.yorkwallcoverings.com/account/login,FALSE,yorkwallcoverings.com_cleaned.json
https://www.youpickit.de/Mobile/Account/Login,FALSE,youpickit.de_cleaned.json
https://yucaipatrailers.com/my-account/,FALSE,yucaipatrailers.com_cleaned.json
https://my.yyw.com/login.php,FALSE,yyw.com_cleaned.json
https://www.zalahair.com/account,FALSE,zalahair.com_cleaned.json
https://www.zauca.com/my-account/,FALSE,zauca.com_cleaned.json
https://zebraathletics.com/my-account/,FALSE,zebraathletics.com_cleaned.json
https://zerolemon.com/account/login,FALSE,zerolemon.com_cleaned.json
https://zillapage.com/my-account/,FALSE,zillapage.com_cleaned.json
https://admin.zmags.com/login.do,FALSE,zmags.com_cleaned.json
https://admin.zmags.com/login.do,FALSE,zmags.com_cleaned.json
http://www.znaczki-turystyczne.pl/createaccount.html,FALSE,znaczki-turystyczne.pl_cleaned.json